ticker,cik,form,fy,fp,filed,accn,end,start,Revenues,NetIncomeLoss,EarningsPerShareBasic,EarningsPerShareDiluted,OperatingIncomeLoss,GrossProfit,ResearchAndDevelopmentExpense,SellingGeneralAndAdministrativeExpense,Assets,Liabilities,StockholdersEquity,CashAndCashEquivalentsAtCarryingValue,NetCashProvidedByUsedInOperatingActivities,PaymentsToAcquirePropertyPlantAndEquipment,LongTermDebt,ShortTermInvestments,CostOfRevenue,OperatingExpenses,IncomeTaxExpenseBenefit,AccountsReceivableNetCurrent
NVDA,0001045810,10-K,2015,FY,2015-03-12,0001045810-15-000036,2013-01-27,2012-01-30,4280159000,562536000,0.91,0.9,648239000,2226343000,1147282000,430822000,null,null,null,null,824172000,null,null,null,2053816000,1578104000,99503000,null
NVDA,0001045810,10-K,2015,FY,2015-03-12,0001045810-15-000036,2013-04-28,2013-01-28,954739000,77891000,0.13,0.13,null,518568000,null,null,null,null,null,null,null,null,null,null,436171000,null,null,null
NVDA,0001045810,10-K,2015,FY,2015-03-12,0001045810-15-000036,2013-07-28,2013-04-29,977238000,96448000,0.16,0.16,null,545538000,null,null,null,null,null,null,null,null,null,null,431700000,null,null,null
NVDA,0001045810,10-K,2015,FY,2015-03-12,0001045810-15-000036,2013-10-27,2013-07-29,1053967000,118734000,0.2,0.2,null,584415000,null,null,null,null,null,null,null,null,null,null,469552000,null,null,null
NVDA,0001045810,10-K,2015,FY,2015-03-12,0001045810-15-000036,2014-01-26,2013-01-28,4130162000,439990000,0.75,0.74,496227000,2267763000,1335834000,435702000,null,null,null,null,835146000,null,null,null,1862399000,1771536000,70264000,null
NVDA,0001045810,10-K,2015,FY,2015-03-12,0001045810-15-000036,2014-01-26,2013-10-28,1144218000,146917000,0.26,0.25,null,619242000,null,null,null,null,null,null,null,null,null,null,524976000,null,null,null
NVDA,0001045810,10-K,2015,FY,2015-03-12,0001045810-15-000036,2014-04-27,2014-01-27,1102787000,136516000,0.24,0.24,null,604202000,null,null,null,null,null,null,null,null,null,null,498585000,null,null,null
NVDA,0001045810,10-K,2015,FY,2015-03-12,0001045810-15-000036,2014-07-27,2014-04-28,1102824000,127976000,0.23,0.22,null,618974000,null,null,null,null,null,null,null,null,null,null,483850000,null,null,null
NVDA,0001045810,10-K,2015,FY,2015-03-12,0001045810-15-000036,2014-10-26,2014-07-28,1225382000,172967000,0.32,0.31,null,676698000,null,null,null,null,null,null,null,null,null,null,548684000,null,null,null
NVDA,0001045810,10-K,2015,FY,2015-03-12,0001045810-15-000036,2015-01-25,2014-01-27,4681507000,630587000,1.14,1.12,758989000,2599477000,1359725000,480763000,null,null,null,null,905656000,null,null,null,2082030000,1840488000,124249000,null
NVDA,0001045810,10-K,2015,FY,2015-03-12,0001045810-15-000036,2015-01-25,2014-10-27,1250514000,193128000,0.35,0.35,null,699603000,null,null,null,null,null,null,null,null,null,null,550911000,null,null,null
NVDA,0001045810,10-K,2015,FY,2015-03-12,0001045810-15-000036,2014-01-26,,null,null,null,null,null,null,null,null,7250894000,null,4456398000,1151587000,null,null,1356375000,null,null,null,null,426357000
NVDA,0001045810,10-K,2015,FY,2015-03-12,0001045810-15-000036,2015-01-25,,null,null,null,null,null,null,null,null,7201368000,null,4417982000,496654000,null,null,1384342000,null,null,null,null,473637000
NVDA,0001045810,10-K,2015,FY,2015-03-12,0001045810-15-000036,2012-01-29,,null,null,null,null,null,null,null,null,null,null,4145724000,667876000,null,null,null,null,null,null,null,null
NVDA,0001045810,10-K,2015,FY,2015-03-12,0001045810-15-000036,2013-01-27,,null,null,null,null,null,null,null,null,null,null,4827703000,732786000,null,null,null,null,null,null,null,null
NVDA,0001045810,10-K,2016,FY,2016-03-17,0001045810-16-000205,2014-01-26,2013-01-28,4130000000,440000000,0.75,0.74,496000000,2268000000,1336000000,436000000,null,null,null,null,835000000,null,null,null,1862000000,1772000000,70000000,null
NVDA,0001045810,10-K,2016,FY,2016-03-17,0001045810-16-000205,2014-04-27,2014-01-27,1103000000,137000000,0.24,0.24,null,604000000,null,null,null,null,null,null,null,null,null,null,499000000,null,null,null
NVDA,0001045810,10-K,2016,FY,2016-03-17,0001045810-16-000205,2014-07-27,2014-04-28,1103000000,128000000,0.23,0.22,null,619000000,null,null,null,null,null,null,null,null,null,null,484000000,null,null,null
NVDA,0001045810,10-K,2016,FY,2016-03-17,0001045810-16-000205,2014-10-26,2014-07-28,1225000000,173000000,0.32,0.31,null,677000000,null,null,null,null,null,null,null,null,null,null,548000000,null,null,null
NVDA,0001045810,10-K,2016,FY,2016-03-17,0001045810-16-000205,2015-01-25,2014-01-27,4682000000,631000000,1.14,1.12,759000000,2599000000,1360000000,480000000,null,null,null,null,906000000,null,null,null,2083000000,1840000000,124000000,null
NVDA,0001045810,10-K,2016,FY,2016-03-17,0001045810-16-000205,2015-01-25,2014-10-27,1251000000,193000000,0.35,0.35,null,699000000,null,null,null,null,null,null,null,null,null,null,552000000,null,null,null
NVDA,0001045810,10-K,2016,FY,2016-03-17,0001045810-16-000205,2015-04-26,2015-01-26,1151000000,134000000,0.24,0.24,null,653000000,null,null,null,null,null,null,null,null,null,null,498000000,null,null,null
NVDA,0001045810,10-K,2016,FY,2016-03-17,0001045810-16-000205,2015-07-26,2015-04-27,1153000000,26000000,0.05,0.05,null,634000000,null,null,null,null,null,null,null,null,null,null,519000000,null,null,null
NVDA,0001045810,10-K,2016,FY,2016-03-17,0001045810-16-000205,2015-10-25,2015-07-27,1305000000,247000000,0.45,0.44,null,733000000,null,null,null,null,null,null,null,null,null,null,572000000,null,null,null
NVDA,0001045810,10-K,2016,FY,2016-03-17,0001045810-16-000205,2016-01-31,2015-01-26,5010000000,614000000,1.13,1.08,747000000,2811000000,1331000000,602000000,null,null,null,null,1175000000,null,null,null,2199000000,2064000000,129000000,null
NVDA,0001045810,10-K,2016,FY,2016-03-17,0001045810-16-000205,2016-01-31,2015-10-26,1401000000,207000000,0.38,0.35,null,791000000,null,null,null,null,null,null,null,null,null,null,610000000,null,null,null
NVDA,0001045810,10-K,2016,FY,2016-03-17,0001045810-16-000205,2015-01-25,,null,null,null,null,null,null,null,null,7201000000,2783000000,4418000000,497000000,null,null,1384000000,null,null,null,null,474000000
NVDA,0001045810,10-K,2016,FY,2016-03-17,0001045810-16-000205,2016-01-31,,null,null,null,null,null,null,null,null,7370000000,2814000000,4469000000,596000000,null,null,1413000000,null,null,null,null,505000000
NVDA,0001045810,10-K,2016,FY,2016-03-17,0001045810-16-000205,2013-01-27,,null,null,null,null,null,null,null,null,null,null,4827000000,733000000,null,null,null,null,null,null,null,null
NVDA,0001045810,10-K,2016,FY,2016-03-17,0001045810-16-000205,2014-01-26,,null,null,null,null,null,null,null,null,null,null,4455000000,1152000000,null,null,null,null,null,null,null,null
NVDA,0001045810,10-K,2017,FY,2017-03-01,0001045810-17-000027,2015-01-25,2014-01-27,4682000000,631000000,1.14,1.12,759000000,2599000000,1360000000,480000000,null,null,null,null,906000000,null,null,null,2083000000,1840000000,124000000,null
NVDA,0001045810,10-K,2017,FY,2017-03-01,0001045810-17-000027,2015-04-26,2015-01-26,1151000000,134000000,0.24,0.24,null,653000000,null,null,null,null,null,null,null,null,null,null,498000000,null,null,null
NVDA,0001045810,10-K,2017,FY,2017-03-01,0001045810-17-000027,2015-07-26,2015-04-27,1153000000,26000000,0.05,0.05,null,634000000,null,null,null,null,null,null,null,null,null,null,519000000,null,null,null
NVDA,0001045810,10-K,2017,FY,2017-03-01,0001045810-17-000027,2015-10-25,2015-07-27,1305000000,247000000,0.45,0.44,null,733000000,null,null,null,null,null,null,null,null,null,null,572000000,null,null,null
NVDA,0001045810,10-K,2017,FY,2017-03-01,0001045810-17-000027,2016-01-31,2015-01-26,5010000000,614000000,1.13,1.08,747000000,2811000000,1331000000,602000000,null,null,null,null,1175000000,null,null,null,2199000000,2064000000,129000000,null
NVDA,0001045810,10-K,2017,FY,2017-03-01,0001045810-17-000027,2016-01-31,2015-10-26,1401000000,207000000,0.38,0.35,null,791000000,null,null,null,null,null,null,null,null,null,null,610000000,null,null,null
NVDA,0001045810,10-K,2017,FY,2017-03-01,0001045810-17-000027,2016-05-01,2016-02-01,1305000000,208000000,0.39,0.35,null,751000000,null,null,null,null,null,null,318000000,null,null,null,554000000,null,33000000,null
NVDA,0001045810,10-K,2017,FY,2017-03-01,0001045810-17-000027,2016-07-31,2016-05-02,1428000000,261000000,0.49,0.41,null,826000000,null,null,null,null,null,null,201000000,null,null,null,602000000,null,56000000,null
NVDA,0001045810,10-K,2017,FY,2017-03-01,0001045810-17-000027,2016-10-30,2016-08-01,2004000000,542000000,1.01,0.83,null,1183000000,null,null,null,null,null,null,null,null,null,null,821000000,null,null,null
NVDA,0001045810,10-K,2017,FY,2017-03-01,0001045810-17-000027,2017-01-29,2016-02-01,6910000000,1666000000,3.08,2.57,1934000000,4063000000,1463000000,663000000,null,null,null,null,1672000000,null,null,null,2847000000,2129000000,239000000,null
NVDA,0001045810,10-K,2017,FY,2017-03-01,0001045810-17-000027,2017-01-29,2016-10-31,2173000000,655000000,1.18,0.99,null,1303000000,null,null,null,null,null,null,null,null,null,null,870000000,null,null,null
NVDA,0001045810,10-K,2017,FY,2017-03-01,0001045810-17-000027,2016-07-31,2016-02-01,null,469000000,0.88,0.76,null,null,null,null,null,null,null,null,519000000,null,null,null,null,null,89000000,null
NVDA,0001045810,10-K,2017,FY,2017-03-01,0001045810-17-000027,2016-01-31,,null,null,null,null,null,null,null,null,7370000000,2814000000,4469000000,596000000,null,null,0,null,null,null,null,505000000
NVDA,0001045810,10-K,2017,FY,2017-03-01,0001045810-17-000027,2017-01-29,,null,null,null,null,null,null,null,null,9841000000,4048000000,5762000000,1766000000,null,null,1983000000,null,null,null,null,826000000
NVDA,0001045810,10-K,2017,FY,2017-03-01,0001045810-17-000027,2014-01-26,,null,null,null,null,null,null,null,null,null,null,4455000000,1152000000,null,null,null,null,null,null,null,null
NVDA,0001045810,10-K,2017,FY,2017-03-01,0001045810-17-000027,2015-01-25,,null,null,null,null,null,null,null,null,null,null,4418000000,497000000,null,null,null,null,null,null,null,null
NVDA,0001045810,10-K,2018,FY,2018-02-28,0001045810-18-000010,2016-01-31,2015-01-26,5010000000,614000000,1.13,1.08,747000000,2811000000,1331000000,602000000,null,null,null,null,1175000000,null,null,null,2199000000,2064000000,129000000,null
NVDA,0001045810,10-K,2018,FY,2018-02-28,0001045810-18-000010,2016-05-01,2016-02-01,1305000000,208000000,0.39,0.35,null,751000000,null,null,null,null,null,null,null,null,null,null,554000000,null,null,null
NVDA,0001045810,10-K,2018,FY,2018-02-28,0001045810-18-000010,2016-07-31,2016-05-02,1428000000,261000000,0.49,0.41,null,826000000,null,null,null,null,null,null,null,null,null,null,602000000,null,null,null
NVDA,0001045810,10-K,2018,FY,2018-02-28,0001045810-18-000010,2016-10-30,2016-08-01,2004000000,542000000,1.01,0.83,null,1183000000,null,null,null,null,null,null,null,null,null,null,821000000,null,null,null
NVDA,0001045810,10-K,2018,FY,2018-02-28,0001045810-18-000010,2017-01-29,2016-02-01,6910000000,1666000000,3.08,2.57,1934000000,4063000000,1463000000,663000000,null,null,null,null,1672000000,null,null,null,2847000000,2129000000,239000000,null
NVDA,0001045810,10-K,2018,FY,2018-02-28,0001045810-18-000010,2017-01-29,2016-10-31,2173000000,655000000,1.18,0.99,null,1303000000,null,null,null,null,null,null,null,null,null,null,870000000,null,null,null
NVDA,0001045810,10-K,2018,FY,2018-02-28,0001045810-18-000010,2017-04-30,2017-01-30,1937000000,507000000,0.86,0.79,null,1150000000,null,null,null,null,null,null,null,null,null,null,787000000,null,null,null
NVDA,0001045810,10-K,2018,FY,2018-02-28,0001045810-18-000010,2017-07-30,2017-01-30,2230000000,583000000,0.98,0.92,null,1302000000,null,null,null,null,null,null,null,null,null,null,928000000,null,null,null
NVDA,0001045810,10-K,2018,FY,2018-02-28,0001045810-18-000010,2017-10-29,2017-07-31,2636000000,838000000,1.39,1.33,null,1569000000,null,null,null,null,null,null,null,null,null,null,1067000000,null,null,null
NVDA,0001045810,10-K,2018,FY,2018-02-28,0001045810-18-000010,2018-01-28,2017-01-30,9714000000,3047000000,5.09,4.82,3210000000,5822000000,1797000000,815000000,null,null,null,null,3502000000,null,null,null,3892000000,2612000000,149000000,null
NVDA,0001045810,10-K,2018,FY,2018-02-28,0001045810-18-000010,2018-01-28,2017-10-30,2911000000,1118000000,1.84,1.78,null,1801000000,null,null,null,null,null,null,null,null,null,null,1110000000,null,null,null
NVDA,0001045810,10-K,2018,FY,2018-02-28,0001045810-18-000010,2017-01-29,,null,null,null,null,null,null,null,null,9841000000,4048000000,5762000000,1766000000,null,null,1983000000,null,null,null,null,826000000
NVDA,0001045810,10-K,2018,FY,2018-02-28,0001045810-18-000010,2018-01-28,,null,null,null,null,null,null,null,null,11241000000,3770000000,7471000000,4002000000,null,null,1985000000,null,null,null,null,1265000000
NVDA,0001045810,10-K,2018,FY,2018-02-28,0001045810-18-000010,2015-01-25,,null,null,null,null,null,null,null,null,null,null,4418000000,497000000,null,null,null,null,null,null,null,null
NVDA,0001045810,10-K,2018,FY,2018-02-28,0001045810-18-000010,2016-01-31,,null,null,null,null,null,null,null,null,null,null,4469000000,596000000,null,null,null,null,null,null,null,null
NVDA,0001045810,10-K,2019,FY,2019-02-21,0001045810-19-000023,2017-01-29,2016-02-01,null,1666000000,3.08,2.57,1934000000,4063000000,1463000000,663000000,null,null,null,null,1672000000,null,null,null,null,2129000000,239000000,null
NVDA,0001045810,10-K,2019,FY,2019-02-21,0001045810-19-000023,2017-04-30,2017-01-30,null,507000000,0.86,0.79,null,1150000000,null,null,null,null,null,null,null,null,null,null,null,null,null,null
NVDA,0001045810,10-K,2019,FY,2019-02-21,0001045810-19-000023,2017-07-30,2017-05-01,null,583000000,0.98,0.92,null,1302000000,null,null,null,null,null,null,null,null,null,null,null,null,null,null
NVDA,0001045810,10-K,2019,FY,2019-02-21,0001045810-19-000023,2017-10-29,2017-07-31,null,838000000,1.39,1.33,null,1569000000,null,null,null,null,null,null,null,null,null,null,null,null,null,null
NVDA,0001045810,10-K,2019,FY,2019-02-21,0001045810-19-000023,2018-01-28,2017-01-30,null,3047000000,5.09,4.82,3210000000,5822000000,1797000000,815000000,null,null,null,null,3502000000,null,null,null,null,2612000000,149000000,null
NVDA,0001045810,10-K,2019,FY,2019-02-21,0001045810-19-000023,2018-01-28,2017-10-30,null,1118000000,1.84,1.78,null,1801000000,null,null,null,null,null,null,null,null,null,null,null,null,null,null
NVDA,0001045810,10-K,2019,FY,2019-02-21,0001045810-19-000023,2018-04-29,2018-01-29,null,1244000000,2.05,1.98,null,2068000000,null,null,null,null,null,null,null,null,null,null,null,null,null,null
NVDA,0001045810,10-K,2019,FY,2019-02-21,0001045810-19-000023,2018-07-29,2018-04-30,null,1101000000,1.81,1.76,null,1975000000,null,null,null,null,null,null,null,null,null,null,null,null,null,null
NVDA,0001045810,10-K,2019,FY,2019-02-21,0001045810-19-000023,2018-10-28,2018-07-30,null,1230000000,2.02,1.97,null,1921000000,null,null,null,null,null,null,null,null,null,null,null,null,null,null
NVDA,0001045810,10-K,2019,FY,2019-02-21,0001045810-19-000023,2019-01-27,2018-01-29,null,4141000000,6.81,6.63,3804000000,7171000000,2376000000,991000000,null,null,null,null,3743000000,null,null,null,null,3367000000,-245000000,null
NVDA,0001045810,10-K,2019,FY,2019-02-21,0001045810-19-000023,2019-01-27,2018-10-29,null,567000000,0.93,0.92,null,1207000000,null,null,null,null,null,null,null,null,null,null,null,null,null,null
NVDA,0001045810,10-K,2019,FY,2019-02-21,0001045810-19-000023,2018-01-28,,null,null,null,null,null,null,null,null,11241000000,3770000000,7471000000,4002000000,null,null,1985000000,null,null,null,null,1265000000
NVDA,0001045810,10-K,2019,FY,2019-02-21,0001045810-19-000023,2019-01-27,,null,null,null,null,null,null,null,null,13292000000,3950000000,9342000000,782000000,null,null,1988000000,null,null,null,null,1424000000
NVDA,0001045810,10-K,2019,FY,2019-02-21,0001045810-19-000023,2016-01-31,,null,null,null,null,null,null,null,null,null,null,4469000000,596000000,null,null,null,null,null,null,null,null
NVDA,0001045810,10-K,2019,FY,2019-02-21,0001045810-19-000023,2017-01-29,,null,null,null,null,null,null,null,null,null,null,5762000000,1766000000,null,null,null,null,null,null,null,null
NVDA,0001045810,10-K,2020,FY,2020-02-20,0001045810-20-000010,2018-01-28,2017-01-30,null,3047000000,5.09,4.82,3210000000,5822000000,1797000000,815000000,null,null,null,null,3502000000,null,null,null,null,2612000000,149000000,null
NVDA,0001045810,10-K,2020,FY,2020-02-20,0001045810-20-000010,2018-04-29,2018-01-29,null,1244000000,2.05,1.98,null,2068000000,null,null,null,null,null,null,null,null,null,null,null,null,null,null
NVDA,0001045810,10-K,2020,FY,2020-02-20,0001045810-20-000010,2018-07-29,2018-04-30,null,1101000000,1.81,1.76,null,1975000000,null,null,null,null,null,null,null,null,null,null,null,null,null,null
NVDA,0001045810,10-K,2020,FY,2020-02-20,0001045810-20-000010,2018-10-28,2018-07-30,null,1230000000,2.02,1.97,null,1921000000,null,null,null,null,null,null,null,null,null,null,null,null,null,null
NVDA,0001045810,10-K,2020,FY,2020-02-20,0001045810-20-000010,2019-01-27,2018-01-29,null,4141000000,6.81,6.63,3804000000,7171000000,2376000000,991000000,null,null,null,null,3743000000,null,null,null,null,3367000000,-245000000,null
NVDA,0001045810,10-K,2020,FY,2020-02-20,0001045810-20-000010,2019-01-27,2018-10-29,null,567000000,0.93,0.92,null,1207000000,null,null,null,null,null,null,null,null,null,null,null,null,null,null
NVDA,0001045810,10-K,2020,FY,2020-02-20,0001045810-20-000010,2019-04-28,2019-01-28,null,394000000,0.65,0.64,null,1296000000,null,null,null,null,null,null,null,null,null,null,null,null,null,null
NVDA,0001045810,10-K,2020,FY,2020-02-20,0001045810-20-000010,2019-07-28,2019-04-29,null,552000000,0.91,0.9,null,1541000000,null,null,null,null,null,null,null,null,null,null,null,null,null,null
NVDA,0001045810,10-K,2020,FY,2020-02-20,0001045810-20-000010,2019-10-27,2019-07-29,null,899000000,1.47,1.45,null,1916000000,null,null,null,null,null,null,null,null,null,null,null,null,null,null
NVDA,0001045810,10-K,2020,FY,2020-02-20,0001045810-20-000010,2020-01-26,2019-01-28,null,2796000000,4.59,4.52,2846000000,6768000000,2829000000,1093000000,null,null,null,null,4761000000,null,null,null,null,3922000000,174000000,null
NVDA,0001045810,10-K,2020,FY,2020-02-20,0001045810-20-000010,2020-01-26,2019-10-28,null,950000000,1.55,1.53,null,2015000000,null,null,null,null,null,null,null,null,null,null,null,null,null,null
NVDA,0001045810,10-K,2020,FY,2020-02-20,0001045810-20-000010,2019-01-27,,null,null,null,null,null,null,null,null,13292000000,3950000000,9342000000,782000000,null,null,1988000000,null,null,null,null,1424000000
NVDA,0001045810,10-K,2020,FY,2020-02-20,0001045810-20-000010,2020-01-26,,null,null,null,null,null,null,null,null,17315000000,5111000000,12204000000,10896000000,null,null,1991000000,null,null,null,null,1657000000
NVDA,0001045810,10-K,2020,FY,2020-02-20,0001045810-20-000010,2017-01-29,,null,null,null,null,null,null,null,null,null,null,5762000000,null,null,null,null,null,null,null,null,null
NVDA,0001045810,10-K,2020,FY,2020-02-20,0001045810-20-000010,2018-01-28,,null,null,null,null,null,null,null,null,null,null,7471000000,null,null,null,null,null,null,null,null,null
NVDA,0001045810,10-K,2021,FY,2021-02-26,0001045810-21-000010,2019-01-27,2018-01-29,null,4141000000,6.81,6.63,3804000000,7171000000,2376000000,991000000,null,null,null,null,3743000000,null,null,null,null,3367000000,-245000000,null
NVDA,0001045810,10-K,2021,FY,2021-02-26,0001045810-21-000010,2020-01-26,2019-01-28,null,2796000000,4.59,4.52,2846000000,6768000000,2829000000,1093000000,null,null,null,null,4761000000,null,null,null,null,3922000000,174000000,null
NVDA,0001045810,10-K,2021,FY,2021-02-26,0001045810-21-000010,2021-01-31,2020-01-27,null,4332000000,7.02,6.9,4532000000,10396000000,3924000000,1940000000,null,null,null,null,5822000000,null,null,null,null,5864000000,77000000,null
NVDA,0001045810,10-K,2021,FY,2021-02-26,0001045810-21-000010,2020-01-26,,null,null,null,null,null,null,null,null,17315000000,5111000000,12204000000,10896000000,null,null,1991000000,null,null,null,null,1657000000
NVDA,0001045810,10-K,2021,FY,2021-02-26,0001045810-21-000010,2021-01-31,,null,null,null,null,null,null,null,null,28791000000,11898000000,16893000000,847000000,null,null,6963000000,null,null,null,null,2429000000
NVDA,0001045810,10-K,2021,FY,2021-02-26,0001045810-21-000010,2018-01-28,,null,null,null,null,null,null,null,null,null,null,7471000000,null,null,null,null,null,null,null,null,null
NVDA,0001045810,10-K,2021,FY,2021-02-26,0001045810-21-000010,2019-01-27,,null,null,null,null,null,null,null,null,null,null,9342000000,null,null,null,null,null,null,null,null,null
NVDA,0001045810,10-K,2022,FY,2022-03-18,0001045810-22-000036,2020-01-26,2019-01-28,10918000000,2796000000,1.15,1.13,2846000000,6768000000,2829000000,1093000000,null,null,null,null,4761000000,null,null,null,4150000000,3922000000,174000000,null
NVDA,0001045810,10-K,2022,FY,2022-03-18,0001045810-22-000036,2021-01-31,2020-01-27,16675000000,4332000000,1.76,1.73,4532000000,10396000000,3924000000,1940000000,null,null,null,null,5822000000,null,null,null,6279000000,5864000000,77000000,null
NVDA,0001045810,10-K,2022,FY,2022-03-18,0001045810-22-000036,2022-01-30,2021-02-01,26914000000,9752000000,3.91,3.85,10041000000,17475000000,5268000000,2166000000,null,null,null,null,9108000000,null,null,null,9439000000,7434000000,189000000,null
NVDA,0001045810,10-K,2022,FY,2022-03-18,0001045810-22-000036,2021-01-31,,null,null,null,null,null,null,null,null,28791000000,11898000000,16893000000,847000000,null,null,6963000000,null,null,null,null,2429000000
NVDA,0001045810,10-K,2022,FY,2022-03-18,0001045810-22-000036,2022-01-30,,null,null,null,null,null,null,null,null,44187000000,17575000000,26612000000,1990000000,null,null,10946000000,null,null,null,null,4650000000
NVDA,0001045810,10-K,2022,FY,2022-03-18,0001045810-22-000036,2019-01-27,,null,null,null,null,null,null,null,null,null,null,9342000000,null,null,null,null,null,null,null,null,null
NVDA,0001045810,10-K,2022,FY,2022-03-18,0001045810-22-000036,2020-01-26,,null,null,null,null,null,null,null,null,null,null,12204000000,null,null,null,null,null,null,null,null,null
NVDA,0001045810,10-K,2023,FY,2023-02-24,0001045810-23-000017,2021-01-31,2020-01-27,16675000000,4332000000,1.76,1.73,4532000000,10396000000,3924000000,1940000000,null,null,null,null,5822000000,null,null,null,6279000000,5864000000,77000000,null
NVDA,0001045810,10-K,2023,FY,2023-02-24,0001045810-23-000017,2022-01-30,2021-02-01,26914000000,9752000000,3.91,3.85,10041000000,17475000000,5268000000,2166000000,null,null,null,null,9108000000,null,null,null,9439000000,7434000000,189000000,null
NVDA,0001045810,10-K,2023,FY,2023-02-24,0001045810-23-000017,2023-01-29,2022-01-31,26974000000,4368000000,1.76,1.74,4224000000,15356000000,7339000000,2440000000,null,null,null,null,5641000000,null,null,null,11618000000,11132000000,-187000000,null
NVDA,0001045810,10-K,2023,FY,2023-02-24,0001045810-23-000017,2022-01-30,,null,null,null,null,null,null,null,null,44187000000,17575000000,26612000000,1990000000,null,null,10946000000,null,null,null,null,4650000000
NVDA,0001045810,10-K,2023,FY,2023-02-24,0001045810-23-000017,2023-01-29,,null,null,null,null,null,null,null,null,41182000000,19081000000,22101000000,3389000000,null,null,10953000000,null,null,null,null,3827000000
NVDA,0001045810,10-K,2023,FY,2023-02-24,0001045810-23-000017,2020-01-26,,null,null,null,null,null,null,null,null,null,null,12204000000,null,null,null,null,null,null,null,null,null
NVDA,0001045810,10-K,2023,FY,2023-02-24,0001045810-23-000017,2021-01-31,,null,null,null,null,null,null,null,null,null,null,16893000000,null,null,null,null,null,null,null,null,null
NVDA,0001045810,10-K,2024,FY,2024-02-21,0001045810-24-000029,2022-01-30,2021-02-01,26914000000,9752000000,3.91,3.85,10041000000,17475000000,5268000000,2166000000,null,null,null,null,9108000000,null,null,null,9439000000,7434000000,189000000,null
NVDA,0001045810,10-K,2024,FY,2024-02-21,0001045810-24-000029,2023-01-29,2022-01-31,26974000000,4368000000,1.76,1.74,4224000000,15356000000,7339000000,2440000000,null,null,null,null,5641000000,null,null,null,11618000000,11132000000,-187000000,null
NVDA,0001045810,10-K,2024,FY,2024-02-21,0001045810-24-000029,2024-01-28,2023-01-30,60922000000,29760000000,12.05,11.93,32972000000,44301000000,8675000000,2654000000,null,null,null,null,28090000000,null,null,null,16621000000,11329000000,4058000000,null
NVDA,0001045810,10-K,2024,FY,2024-02-21,0001045810-24-000029,2023-01-29,,null,null,null,null,null,null,null,null,41182000000,19081000000,22101000000,3389000000,null,null,10953000000,null,null,null,null,3827000000
NVDA,0001045810,10-K,2024,FY,2024-02-21,0001045810-24-000029,2024-01-28,,null,null,null,null,null,null,null,null,65728000000,22750000000,42978000000,7280000000,null,null,9709000000,null,null,null,null,9999000000
NVDA,0001045810,10-K,2024,FY,2024-02-21,0001045810-24-000029,2021-01-31,,null,null,null,null,null,null,null,null,null,null,16893000000,null,null,null,null,null,null,null,null,null
NVDA,0001045810,10-K,2024,FY,2024-02-21,0001045810-24-000029,2022-01-30,,null,null,null,null,null,null,null,null,null,null,26612000000,null,null,null,null,null,null,null,null,null
NVDA,0001045810,10-K,2025,FY,2025-02-26,0001045810-25-000023,2023-01-29,2022-01-31,26974000000,4368000000,0.18,0.17,4224000000,15356000000,7339000000,2440000000,null,null,null,null,5641000000,null,null,null,11618000000,11132000000,-187000000,null
NVDA,0001045810,10-K,2025,FY,2025-02-26,0001045810-25-000023,2024-01-28,2023-01-30,60922000000,29760000000,1.21,1.19,32972000000,44301000000,8675000000,2654000000,null,null,null,null,28090000000,null,null,null,16621000000,11329000000,4058000000,null
NVDA,0001045810,10-K,2025,FY,2025-02-26,0001045810-25-000023,2025-01-26,2024-01-29,130497000000,72880000000,2.97,2.94,81453000000,97858000000,12914000000,3491000000,null,null,null,null,64089000000,null,null,null,32639000000,16405000000,11146000000,null
NVDA,0001045810,10-K,2025,FY,2025-02-26,0001045810-25-000023,2024-01-28,,null,null,null,null,null,null,null,null,65728000000,22750000000,42978000000,7280000000,null,null,9709000000,null,null,null,null,9999000000
NVDA,0001045810,10-K,2025,FY,2025-02-26,0001045810-25-000023,2025-01-26,,null,null,null,null,null,null,null,null,111601000000,32274000000,79327000000,8589000000,null,null,8463000000,null,null,null,null,23065000000
NVDA,0001045810,10-K,2025,FY,2025-02-26,0001045810-25-000023,2022-01-30,,null,null,null,null,null,null,null,null,null,null,26612000000,null,null,null,null,null,null,null,null,null
NVDA,0001045810,10-K,2025,FY,2025-02-26,0001045810-25-000023,2023-01-29,,null,null,null,null,null,null,null,null,null,null,22101000000,null,null,null,null,null,null,null,null,null
NVDA,0001045810,10-Q,2014,Q1,2014-05-21,0001045810-14-000085,2013-04-28,2013-01-28,954739000,77891000,0.13,0.13,82781000,518568000,327161000,108626000,null,null,null,null,175650000,65667000,null,null,436171000,435787000,10171000,null
NVDA,0001045810,10-Q,2014,Q1,2014-05-21,0001045810-14-000085,2014-04-27,2014-01-27,1102787000,136516000,0.24,0.24,151359000,604202000,334263000,118580000,null,null,null,null,151022000,29068000,null,null,498585000,452843000,26766000,null
NVDA,0001045810,10-Q,2014,Q1,2014-05-21,0001045810-14-000085,2014-01-26,,null,null,null,null,null,null,null,null,7250894000,null,4456398000,1151587000,null,null,1356375000,null,null,null,null,426357000
NVDA,0001045810,10-Q,2014,Q1,2014-05-21,0001045810-14-000085,2014-04-27,,null,null,null,null,null,null,null,null,6864663000,null,4166985000,509165000,null,null,1363276000,null,null,null,null,396438000
NVDA,0001045810,10-Q,2014,Q1,2014-05-21,0001045810-14-000085,2013-01-27,,null,null,null,null,null,null,null,null,null,null,null,732786000,null,null,null,null,null,null,null,null
NVDA,0001045810,10-Q,2014,Q1,2014-05-21,0001045810-14-000085,2013-04-28,,null,null,null,null,null,null,null,null,null,null,null,561423000,null,null,null,null,null,null,null,null
NVDA,0001045810,10-Q,2015,Q2,2014-08-20,0001045810-14-000158,2013-07-28,2013-01-28,1931977000,174339000,0.29,0.29,188315000,1064106000,658899000,216892000,null,null,null,null,272119000,150653000,null,null,867871000,875791000,25543000,null
NVDA,0001045810,10-Q,2015,Q2,2014-08-20,0001045810-14-000158,2013-07-28,2013-04-29,977238000,96448000,0.16,0.16,105534000,545538000,331738000,108266000,null,null,null,null,null,null,null,null,431700000,440004000,15372000,null
NVDA,0001045810,10-Q,2015,Q2,2014-08-20,0001045810-14-000158,2014-07-27,2014-01-27,2205611000,264492000,0.47,0.46,314538000,1223176000,671387000,237251000,null,null,null,null,247304000,51595000,null,null,982435000,908638000,53415000,null
NVDA,0001045810,10-Q,2015,Q2,2014-08-20,0001045810-14-000158,2014-07-27,2014-04-28,1102824000,127976000,0.23,0.22,163179000,618974000,337124000,118671000,null,null,null,null,null,null,null,null,483850000,455795000,26649000,null
NVDA,0001045810,10-Q,2015,Q2,2014-08-20,0001045810-14-000158,2014-01-26,,null,null,null,null,null,null,null,null,7250894000,null,4456398000,1151587000,null,null,1356375000,null,null,null,null,426357000
NVDA,0001045810,10-Q,2015,Q2,2014-08-20,0001045810-14-000158,2014-07-27,,null,null,null,null,null,null,null,null,6933719000,null,4304786000,515092000,null,null,1370249000,null,null,null,null,469625000
NVDA,0001045810,10-Q,2015,Q2,2014-08-20,0001045810-14-000158,2013-01-27,,null,null,null,null,null,null,null,null,null,null,null,732786000,null,null,null,null,null,null,null,null
NVDA,0001045810,10-Q,2015,Q2,2014-08-20,0001045810-14-000158,2013-07-28,,null,null,null,null,null,null,null,null,null,null,null,591321000,null,null,null,null,null,null,null,null
NVDA,0001045810,10-Q,2015,Q3,2014-11-19,0001045810-14-000188,2013-10-27,2013-01-28,2985944000,293073000,0.49,0.49,329303000,1648521000,999193000,320025000,null,null,null,null,434434000,188812000,null,null,1337423000,1319218000,48293000,null
NVDA,0001045810,10-Q,2015,Q3,2014-11-19,0001045810-14-000188,2013-10-27,2013-07-29,1053967000,118734000,0.2,0.2,140988000,584415000,340294000,103133000,null,null,null,null,null,null,null,null,469552000,443427000,22750000,null
NVDA,0001045810,10-Q,2015,Q3,2014-11-19,0001045810-14-000188,2014-10-26,2014-01-27,3430993000,437459000,0.79,0.77,527853000,1899874000,1011472000,360549000,null,null,null,null,462927000,91336000,null,null,1531119000,1372021000,89518000,null
NVDA,0001045810,10-Q,2015,Q3,2014-11-19,0001045810-14-000188,2014-10-26,2014-07-28,1225382000,172967000,0.32,0.31,213315000,676698000,340085000,123298000,null,null,null,null,null,null,null,null,548684000,463383000,36103000,null
NVDA,0001045810,10-Q,2015,Q3,2014-11-19,0001045810-14-000188,2014-01-26,,null,null,null,null,null,null,null,null,7250894000,null,4456398000,1151587000,null,null,1356375000,null,null,null,null,426357000
NVDA,0001045810,10-Q,2015,Q3,2014-11-19,0001045810-14-000188,2014-10-26,,null,null,null,null,null,null,null,null,6885869000,null,4204593000,394683000,null,null,1377259000,null,null,null,null,563400000
NVDA,0001045810,10-Q,2015,Q3,2014-11-19,0001045810-14-000188,2013-01-27,,null,null,null,null,null,null,null,null,null,null,null,732786000,null,null,null,null,null,null,null,null
NVDA,0001045810,10-Q,2015,Q3,2014-11-19,0001045810-14-000188,2013-10-27,,null,null,null,null,null,null,null,null,null,null,null,562084000,null,null,null,null,null,null,null,null
NVDA,0001045810,10-Q,2016,Q1,2015-05-20,0001045810-15-000097,2014-04-27,2014-01-27,1103000000,137000000,0.24,0.24,151000000,604000000,334000000,119000000,null,null,null,null,151000000,29000000,null,null,499000000,453000000,26000000,null
NVDA,0001045810,10-Q,2016,Q1,2015-05-20,0001045810-15-000097,2015-04-26,2015-01-26,1151000000,134000000,0.24,0.24,176000000,653000000,339000000,138000000,null,null,null,null,246000000,30000000,null,null,498000000,477000000,38000000,null
NVDA,0001045810,10-Q,2016,Q1,2015-05-20,0001045810-15-000097,2015-01-25,,null,null,null,null,null,null,null,null,7201000000,null,4418000000,497000000,null,null,1384000000,null,null,null,null,474000000
NVDA,0001045810,10-Q,2016,Q1,2015-05-20,0001045810-15-000097,2015-04-26,,null,null,null,null,null,null,null,null,7291000000,null,4556000000,464000000,null,null,1391000000,null,null,null,null,455000000
NVDA,0001045810,10-Q,2016,Q1,2015-05-20,0001045810-15-000097,2014-01-26,,null,null,null,null,null,null,null,null,null,null,null,1152000000,null,null,null,null,null,null,null,null
NVDA,0001045810,10-Q,2016,Q1,2015-05-20,0001045810-15-000097,2014-04-27,,null,null,null,null,null,null,null,null,null,null,null,509000000,null,null,null,null,null,null,null,null
NVDA,0001045810,10-Q,2016,Q2,2015-08-19,0001045810-15-000143,2014-07-27,2014-01-27,2206000000,265000000,0.47,0.46,314000000,1223000000,672000000,237000000,null,null,null,null,247000000,52000000,null,null,983000000,909000000,53000000,null
NVDA,0001045810,10-Q,2016,Q2,2015-08-19,0001045810-15-000143,2014-07-27,2014-04-28,1103000000,128000000,0.23,0.22,163000000,619000000,337000000,119000000,null,null,null,null,null,null,null,null,484000000,456000000,27000000,null
NVDA,0001045810,10-Q,2016,Q2,2015-08-19,0001045810-15-000143,2015-07-26,2015-01-26,2304000000,160000000,0.29,0.28,250000000,1286000000,658000000,289000000,null,null,null,null,409000000,54000000,null,null,1018000000,1036000000,84000000,null
NVDA,0001045810,10-Q,2016,Q2,2015-08-19,0001045810-15-000143,2015-07-26,2015-04-27,1153000000,26000000,0.05,0.05,76000000,634000000,320000000,149000000,null,null,null,null,null,null,null,null,519000000,558000000,46000000,null
NVDA,0001045810,10-Q,2016,Q2,2015-08-19,0001045810-15-000143,2015-01-25,,null,null,null,null,null,null,null,null,7201000000,null,4418000000,497000000,null,null,1384000000,null,null,null,null,474000000
NVDA,0001045810,10-Q,2016,Q2,2015-08-19,0001045810-15-000143,2015-07-26,,null,null,null,null,null,null,null,null,6979000000,null,4185000000,435000000,null,null,1399000000,null,null,null,null,514000000
NVDA,0001045810,10-Q,2016,Q2,2015-08-19,0001045810-15-000143,2014-01-26,,null,null,null,null,null,null,null,null,null,null,null,1152000000,null,null,null,null,null,null,null,null
NVDA,0001045810,10-Q,2016,Q2,2015-08-19,0001045810-15-000143,2014-07-27,,null,null,null,null,null,null,null,null,null,null,null,515000000,null,null,null,null,null,null,null,null
NVDA,0001045810,10-Q,2016,Q3,2015-11-18,0001045810-15-000173,2014-10-26,2014-01-27,3431000000,437000000,0.79,0.77,528000000,1900000000,1011000000,361000000,null,null,null,null,463000000,91000000,null,null,1531000000,1372000000,90000000,null
NVDA,0001045810,10-Q,2016,Q3,2015-11-18,0001045810-15-000173,2014-10-26,2014-07-28,1225000000,173000000,0.32,0.31,213000000,676000000,340000000,123000000,null,null,null,null,null,null,null,null,549000000,463000000,36000000,null
NVDA,0001045810,10-Q,2016,Q3,2015-11-18,0001045810-15-000173,2015-10-25,2015-01-26,3609000000,406000000,0.75,0.72,495000000,2020000000,987000000,441000000,null,null,null,null,664000000,71000000,null,null,1589000000,1525000000,83000000,null
NVDA,0001045810,10-Q,2016,Q3,2015-11-18,0001045810-15-000173,2015-10-25,2015-07-27,1305000000,246000000,0.45,0.44,245000000,734000000,329000000,152000000,null,null,null,null,null,null,null,null,571000000,489000000,-1000000,null
NVDA,0001045810,10-Q,2016,Q3,2015-11-18,0001045810-15-000173,2015-01-25,,null,null,null,null,null,null,null,null,7201000000,null,4418000000,497000000,null,null,1384000000,null,null,null,null,474000000
NVDA,0001045810,10-Q,2016,Q3,2015-11-18,0001045810-15-000173,2015-10-25,,null,null,null,null,null,null,null,null,7174000000,null,4465000000,471000000,null,null,1406000000,null,null,null,null,536000000
NVDA,0001045810,10-Q,2016,Q3,2015-11-18,0001045810-15-000173,2014-01-26,,null,null,null,null,null,null,null,null,null,null,null,1152000000,null,null,null,null,null,null,null,null
NVDA,0001045810,10-Q,2016,Q3,2015-11-18,0001045810-15-000173,2014-10-26,,null,null,null,null,null,null,null,null,null,null,null,395000000,null,null,null,null,null,null,null,null
NVDA,0001045810,10-Q,2017,Q1,2016-05-25,0001045810-16-000275,2015-04-26,2015-01-26,1151000000,134000000,0.24,0.24,176000000,653000000,339000000,138000000,null,null,null,null,246000000,30000000,null,null,498000000,477000000,38000000,null
NVDA,0001045810,10-Q,2017,Q1,2016-05-25,0001045810-16-000275,2016-05-01,2016-02-01,1305000000,196000000,0.36,0.33,245000000,751000000,346000000,159000000,null,null,null,null,309000000,55000000,null,null,554000000,506000000,45000000,null
NVDA,0001045810,10-Q,2017,Q1,2016-05-25,0001045810-16-000275,2016-01-31,,null,null,null,null,null,null,null,null,7370000000,2814000000,4469000000,596000000,null,null,null,null,null,null,null,505000000
NVDA,0001045810,10-Q,2017,Q1,2016-05-25,0001045810-16-000275,2016-05-01,,null,null,null,null,null,null,null,null,7108000000,2833000000,4196000000,547000000,null,null,null,null,null,null,null,523000000
NVDA,0001045810,10-Q,2017,Q1,2016-05-25,0001045810-16-000275,2015-01-25,,null,null,null,null,null,null,null,null,null,null,null,497000000,null,null,null,null,null,null,null,null
NVDA,0001045810,10-Q,2017,Q1,2016-05-25,0001045810-16-000275,2015-04-26,,null,null,null,null,null,null,null,null,null,null,null,464000000,null,null,null,null,null,null,null,null
NVDA,0001045810,10-Q,2017,Q2,2016-08-23,0001045810-16-000300,2015-07-26,2015-01-26,2304000000,160000000,0.29,0.28,250000000,1286000000,658000000,289000000,null,null,null,null,409000000,54000000,null,null,1018000000,1036000000,84000000,null
NVDA,0001045810,10-Q,2017,Q2,2016-08-23,0001045810-16-000300,2015-07-26,2015-04-27,1153000000,26000000,0.05,0.05,76000000,634000000,320000000,149000000,null,null,null,null,null,null,null,null,519000000,558000000,46000000,null
NVDA,0001045810,10-Q,2017,Q2,2016-08-23,0001045810-16-000300,2016-07-31,2016-02-01,2733000000,449000000,0.84,0.73,561000000,1577000000,697000000,316000000,null,null,null,null,493000000,87000000,null,null,1156000000,1016000000,109000000,null
NVDA,0001045810,10-Q,2017,Q2,2016-08-23,0001045810-16-000300,2016-07-31,2016-05-02,1428000000,253000000,0.47,0.4,317000000,826000000,350000000,157000000,null,null,null,null,null,null,null,null,602000000,509000000,64000000,null
NVDA,0001045810,10-Q,2017,Q2,2016-08-23,0001045810-16-000300,2016-01-31,,null,null,null,null,null,null,null,null,7370000000,2814000000,4469000000,596000000,null,null,null,null,null,null,null,505000000
NVDA,0001045810,10-Q,2017,Q2,2016-08-23,0001045810-16-000300,2016-07-31,,null,null,null,null,null,null,null,null,7461000000,2909000000,4480000000,426000000,null,null,null,null,null,null,null,644000000
NVDA,0001045810,10-Q,2017,Q2,2016-08-23,0001045810-16-000300,2015-01-25,,null,null,null,null,null,null,null,null,null,null,null,497000000,null,null,null,null,null,null,null,null
NVDA,0001045810,10-Q,2017,Q2,2016-08-23,0001045810-16-000300,2015-07-26,,null,null,null,null,null,null,null,null,null,null,null,435000000,null,null,null,null,null,null,null,null
NVDA,0001045810,10-Q,2017,Q3,2016-11-22,0001045810-16-000353,2015-10-25,2015-01-26,3609000000,406000000,0.75,0.72,495000000,2020000000,987000000,441000000,null,null,null,null,664000000,71000000,null,null,1589000000,1525000000,83000000,null
NVDA,0001045810,10-Q,2017,Q3,2016-11-22,0001045810-16-000353,2015-10-25,2015-07-27,1305000000,246000000,0.45,0.44,245000000,734000000,329000000,152000000,null,null,null,null,null,null,null,null,571000000,489000000,-1000000,null
NVDA,0001045810,10-Q,2017,Q3,2016-11-22,0001045810-16-000353,2016-10-30,2016-02-01,4737000000,1012000000,1.89,1.59,1201000000,2760000000,1069000000,487000000,null,null,null,null,951000000,125000000,null,null,1977000000,1559000000,168000000,null
NVDA,0001045810,10-Q,2017,Q3,2016-11-22,0001045810-16-000353,2016-10-30,2016-08-01,2004000000,542000000,1.01,0.83,639000000,1183000000,373000000,171000000,null,null,null,null,null,null,null,null,821000000,544000000,79000000,null
NVDA,0001045810,10-Q,2017,Q3,2016-11-22,0001045810-16-000353,2016-05-01,2016-02-01,null,208000000,0.39,0.35,null,null,null,null,null,null,null,null,318000000,null,null,null,null,null,33000000,null
NVDA,0001045810,10-Q,2017,Q3,2016-11-22,0001045810-16-000353,2016-07-31,2016-02-01,null,469000000,0.88,0.76,null,null,null,null,null,null,null,null,519000000,null,null,null,null,null,89000000,null
NVDA,0001045810,10-Q,2017,Q3,2016-11-22,0001045810-16-000353,2016-07-31,2016-05-02,null,261000000,0.49,0.41,null,null,null,null,null,null,null,null,201000000,null,null,null,null,null,56000000,null
NVDA,0001045810,10-Q,2017,Q3,2016-11-22,0001045810-16-000353,2016-01-31,,null,null,null,null,null,null,null,null,7370000000,2814000000,4469000000,596000000,null,null,0,null,null,null,null,505000000
NVDA,0001045810,10-Q,2017,Q3,2016-11-22,0001045810-16-000353,2016-10-30,,null,null,null,null,null,null,null,null,9612000000,4243000000,5324000000,1940000000,null,null,1982000000,null,null,null,null,833000000
NVDA,0001045810,10-Q,2017,Q3,2016-11-22,0001045810-16-000353,2015-01-25,,null,null,null,null,null,null,null,null,null,null,null,497000000,null,null,null,null,null,null,null,null
NVDA,0001045810,10-Q,2017,Q3,2016-11-22,0001045810-16-000353,2015-10-25,,null,null,null,null,null,null,null,null,null,null,null,471000000,null,null,null,null,null,null,null,null
NVDA,0001045810,10-Q,2018,Q1,2017-05-23,0001045810-17-000075,2016-05-01,2016-02-01,1305000000,208000000,0.39,0.35,245000000,751000000,346000000,159000000,null,null,null,null,319000000,55000000,null,null,554000000,506000000,33000000,null
NVDA,0001045810,10-Q,2018,Q1,2017-05-23,0001045810-17-000075,2017-04-30,2017-01-30,1937000000,507000000,0.86,0.79,554000000,1150000000,411000000,185000000,null,null,null,null,282000000,54000000,null,null,787000000,596000000,29000000,null
NVDA,0001045810,10-Q,2018,Q1,2017-05-23,0001045810-17-000075,2017-01-29,,null,null,null,null,null,null,null,null,9841000000,4048000000,5762000000,1766000000,null,null,1983000000,null,null,null,null,826000000
NVDA,0001045810,10-Q,2018,Q1,2017-05-23,0001045810-17-000075,2017-04-30,,null,null,null,null,null,null,null,null,9410000000,3271000000,6132000000,1989000000,null,null,1984000000,null,null,null,null,976000000
NVDA,0001045810,10-Q,2018,Q1,2017-05-23,0001045810-17-000075,2016-01-31,,null,null,null,null,null,null,null,null,null,null,null,596000000,null,null,null,null,null,null,null,null
NVDA,0001045810,10-Q,2018,Q1,2017-05-23,0001045810-17-000075,2016-05-01,,null,null,null,null,null,null,null,null,null,null,null,547000000,null,null,null,null,null,null,null,null
NVDA,0001045810,10-Q,2018,Q2,2017-08-23,0001045810-17-000123,2016-07-31,2016-02-01,2733000000,469000000,0.88,0.76,561000000,1577000000,697000000,316000000,null,null,null,null,519000000,87000000,null,null,1156000000,1016000000,89000000,null
NVDA,0001045810,10-Q,2018,Q2,2017-08-23,0001045810-17-000123,2016-07-31,2016-05-02,1428000000,261000000,0.49,0.41,317000000,826000000,350000000,157000000,null,null,null,null,null,null,null,null,602000000,509000000,56000000,null
NVDA,0001045810,10-Q,2018,Q2,2017-08-23,0001045810-17-000123,2017-07-30,2017-01-30,4167000000,1091000000,1.83,1.71,1242000000,2452000000,827000000,383000000,null,null,null,null,987000000,108000000,null,null,1715000000,1210000000,130000000,null
NVDA,0001045810,10-Q,2018,Q2,2017-08-23,0001045810-17-000123,2017-07-30,2017-05-01,2230000000,583000000,0.98,0.92,688000000,1302000000,416000000,198000000,null,null,null,null,null,null,null,null,928000000,614000000,101000000,null
NVDA,0001045810,10-Q,2018,Q2,2017-08-23,0001045810-17-000123,2017-01-29,,null,null,null,null,null,null,null,null,9841000000,4048000000,5762000000,1766000000,null,null,1983000000,null,null,null,null,826000000
NVDA,0001045810,10-Q,2018,Q2,2017-08-23,0001045810-17-000123,2017-07-30,,null,null,null,null,null,null,null,null,9402000000,3427000000,5973000000,1988000000,null,null,1984000000,null,null,null,null,1213000000
NVDA,0001045810,10-Q,2018,Q2,2017-08-23,0001045810-17-000123,2016-01-31,,null,null,null,null,null,null,null,null,null,null,null,596000000,null,null,null,null,null,null,null,null
NVDA,0001045810,10-Q,2018,Q2,2017-08-23,0001045810-17-000123,2016-07-31,,null,null,null,null,null,null,null,null,null,null,null,426000000,null,null,null,null,null,null,null,null
NVDA,0001045810,10-Q,2018,Q3,2017-11-21,0001045810-17-000172,2016-10-30,2016-02-01,4737000000,1012000000,1.89,1.59,1201000000,2760000000,1069000000,487000000,null,null,null,null,951000000,125000000,null,null,1977000000,1559000000,168000000,null
NVDA,0001045810,10-Q,2018,Q3,2017-11-21,0001045810-17-000172,2016-10-30,2016-08-01,2004000000,542000000,1.01,0.83,639000000,1183000000,373000000,171000000,null,null,null,null,null,null,null,null,821000000,544000000,79000000,null
NVDA,0001045810,10-Q,2018,Q3,2017-11-21,0001045810-17-000172,2017-10-29,2017-01-30,6803000000,1928000000,3.23,3.05,2137000000,4021000000,1290000000,594000000,null,null,null,null,2144000000,177000000,null,null,2782000000,1884000000,189000000,null
NVDA,0001045810,10-Q,2018,Q3,2017-11-21,0001045810-17-000172,2017-10-29,2017-07-31,2636000000,838000000,1.39,1.33,895000000,1569000000,462000000,212000000,null,null,null,null,null,null,null,null,1067000000,674000000,58000000,null
NVDA,0001045810,10-Q,2018,Q3,2017-11-21,0001045810-17-000172,2017-01-29,,null,null,null,null,null,null,null,null,9841000000,4048000000,5762000000,1766000000,null,null,1983000000,null,null,null,null,826000000
NVDA,0001045810,10-Q,2018,Q3,2017-11-21,0001045810-17-000172,2017-10-29,,null,null,null,null,null,null,null,null,9830000000,3477000000,6352000000,2802000000,null,null,1985000000,null,null,null,null,1167000000
NVDA,0001045810,10-Q,2018,Q3,2017-11-21,0001045810-17-000172,2016-01-31,,null,null,null,null,null,null,null,null,null,null,null,596000000,null,null,null,null,null,null,null,null
NVDA,0001045810,10-Q,2018,Q3,2017-11-21,0001045810-17-000172,2016-10-30,,null,null,null,null,null,null,null,null,null,null,null,1940000000,null,null,null,null,null,null,null,null
NVDA,0001045810,10-Q,2019,Q1,2018-05-22,0001045810-18-000080,2017-04-30,2017-01-30,1937000000,507000000,0.86,0.79,554000000,1150000000,411000000,185000000,null,null,null,null,282000000,54000000,null,null,787000000,596000000,29000000,null
NVDA,0001045810,10-Q,2019,Q1,2018-05-22,0001045810-18-000080,2018-04-29,2018-01-29,3207000000,1244000000,2.05,1.98,1295000000,2068000000,542000000,231000000,null,null,null,null,1445000000,118000000,null,null,1139000000,773000000,67000000,null
NVDA,0001045810,10-Q,2019,Q1,2018-05-22,0001045810-18-000080,2018-01-28,,null,null,null,null,null,null,null,null,11241000000,3770000000,7471000000,4002000000,null,null,1985000000,null,null,null,null,1265000000
NVDA,0001045810,10-Q,2019,Q1,2018-05-22,0001045810-18-000080,2018-04-29,,null,null,null,null,null,null,null,null,11460000000,3743000000,7717000000,765000000,null,null,1986000000,null,null,null,null,1220000000
NVDA,0001045810,10-Q,2019,Q1,2018-05-22,0001045810-18-000080,2017-01-29,,null,null,null,null,null,null,null,null,null,null,null,1766000000,null,null,null,null,null,null,null,null
NVDA,0001045810,10-Q,2019,Q1,2018-05-22,0001045810-18-000080,2017-04-30,,null,null,null,null,null,null,null,null,null,null,null,1989000000,null,null,null,null,null,null,null,null
NVDA,0001045810,10-Q,2019,Q2,2018-08-16,0001045810-18-000114,2017-07-30,2017-01-30,4167000000,1091000000,1.83,1.71,1242000000,2452000000,827000000,383000000,null,null,null,null,987000000,108000000,null,null,1715000000,1210000000,130000000,null
NVDA,0001045810,10-Q,2019,Q2,2018-08-16,0001045810-18-000114,2017-07-30,2017-05-01,2230000000,583000000,0.98,0.92,688000000,1302000000,416000000,198000000,null,null,null,null,null,null,null,null,928000000,614000000,101000000,null
NVDA,0001045810,10-Q,2019,Q2,2018-08-16,0001045810-18-000114,2018-07-29,2018-01-29,6330000000,2345000000,3.86,3.74,2452000000,4043000000,1124000000,467000000,null,null,null,null,2358000000,247000000,null,null,2287000000,1591000000,146000000,null
NVDA,0001045810,10-Q,2019,Q2,2018-08-16,0001045810-18-000114,2018-07-29,2018-04-30,3123000000,1101000000,1.81,1.76,1157000000,1975000000,581000000,237000000,null,null,null,null,null,null,null,null,1148000000,818000000,79000000,null
NVDA,0001045810,10-Q,2019,Q2,2018-08-16,0001045810-18-000114,2018-01-28,,null,null,null,null,null,null,null,null,11241000000,3770000000,7471000000,4002000000,null,null,1985000000,null,null,null,null,1265000000
NVDA,0001045810,10-Q,2019,Q2,2018-08-16,0001045810-18-000114,2018-07-29,,null,null,null,null,null,null,null,null,12882000000,4087000000,8795000000,718000000,null,null,1987000000,null,null,null,null,1662000000
NVDA,0001045810,10-Q,2019,Q2,2018-08-16,0001045810-18-000114,2017-01-29,,null,null,null,null,null,null,null,null,null,null,null,1766000000,null,null,null,null,null,null,null,null
NVDA,0001045810,10-Q,2019,Q2,2018-08-16,0001045810-18-000114,2017-07-30,,null,null,null,null,null,null,null,null,null,null,null,1988000000,null,null,null,null,null,null,null,null
NVDA,0001045810,10-Q,2019,Q3,2018-11-15,0001045810-18-000150,2017-10-29,2017-01-30,6803000000,1928000000,3.23,3.05,2137000000,4021000000,1290000000,594000000,null,null,null,null,2144000000,177000000,null,null,2782000000,1884000000,189000000,null
NVDA,0001045810,10-Q,2019,Q3,2018-11-15,0001045810-18-000150,2017-10-29,2017-07-31,2636000000,838000000,1.39,1.33,895000000,1569000000,462000000,212000000,null,null,null,null,null,null,null,null,1067000000,674000000,58000000,null
NVDA,0001045810,10-Q,2019,Q3,2018-11-15,0001045810-18-000150,2018-10-28,2018-01-29,9511000000,3575000000,5.88,5.71,3510000000,5964000000,1729000000,725000000,null,null,null,null,2845000000,397000000,null,null,3547000000,2454000000,-3000000,null
NVDA,0001045810,10-Q,2019,Q3,2018-11-15,0001045810-18-000150,2018-10-28,2018-07-30,3181000000,1230000000,2.02,1.97,1058000000,1921000000,605000000,258000000,null,null,null,null,null,null,null,null,1260000000,863000000,-149000000,null
NVDA,0001045810,10-Q,2019,Q3,2018-11-15,0001045810-18-000150,2018-01-28,,null,null,null,null,null,null,null,null,11241000000,3770000000,7471000000,4002000000,null,null,1985000000,null,null,null,null,1265000000
NVDA,0001045810,10-Q,2019,Q3,2018-11-15,0001045810-18-000150,2018-10-28,,null,null,null,null,null,null,null,null,13657000000,4182000000,9475000000,721000000,null,null,1987000000,null,null,null,null,2219000000
NVDA,0001045810,10-Q,2019,Q3,2018-11-15,0001045810-18-000150,2017-01-29,,null,null,null,null,null,null,null,null,null,null,null,1766000000,null,null,null,null,null,null,null,null
NVDA,0001045810,10-Q,2019,Q3,2018-11-15,0001045810-18-000150,2017-10-29,,null,null,null,null,null,null,null,null,null,null,null,2802000000,null,null,null,null,null,null,null,null
NVDA,0001045810,10-Q,2020,Q1,2019-05-16,0001045810-19-000079,2018-04-29,2018-01-29,3207000000,1244000000,2.05,1.98,1295000000,2068000000,542000000,231000000,null,null,null,null,1445000000,118000000,null,null,1139000000,773000000,67000000,null
NVDA,0001045810,10-Q,2020,Q1,2019-05-16,0001045810-19-000079,2019-04-28,2019-01-28,2220000000,394000000,0.65,0.64,358000000,1296000000,674000000,264000000,null,null,null,null,720000000,128000000,null,null,924000000,938000000,-5000000,null
NVDA,0001045810,10-Q,2020,Q1,2019-05-16,0001045810-19-000079,2019-01-27,,null,null,null,null,null,null,null,null,13292000000,3950000000,9342000000,782000000,null,null,1988000000,null,null,null,null,1424000000
NVDA,0001045810,10-Q,2020,Q1,2019-05-16,0001045810-19-000079,2019-04-28,,null,null,null,null,null,null,null,null,14021000000,4317000000,9704000000,2772000000,null,null,1988000000,null,null,null,null,1242000000
NVDA,0001045810,10-Q,2020,Q1,2019-05-16,0001045810-19-000079,2018-01-28,,null,null,null,null,null,null,null,null,null,null,7471000000,null,null,null,null,null,null,null,null,null
NVDA,0001045810,10-Q,2020,Q1,2019-05-16,0001045810-19-000079,2018-04-29,,null,null,null,null,null,null,null,null,null,null,7717000000,null,null,null,null,null,null,null,null,null
NVDA,0001045810,10-Q,2020,Q1,2020-05-21,0001045810-20-000065,2019-04-28,2019-01-28,2220000000,394000000,0.65,0.64,358000000,1296000000,674000000,264000000,null,null,null,null,720000000,128000000,null,null,924000000,938000000,-5000000,null
NVDA,0001045810,10-Q,2020,Q1,2020-05-21,0001045810-20-000065,2020-04-26,2020-01-27,3080000000,917000000,1.49,1.47,976000000,2004000000,735000000,293000000,null,null,null,null,909000000,155000000,null,null,1076000000,1028000000,64000000,null
NVDA,0001045810,10-Q,2020,Q1,2020-05-21,0001045810-20-000065,2020-01-26,,null,null,null,null,null,null,null,null,17315000000,5111000000,12204000000,10896000000,null,null,1991000000,null,null,null,null,1657000000
NVDA,0001045810,10-Q,2020,Q1,2020-05-21,0001045810-20-000065,2020-04-26,,null,null,null,null,null,null,null,null,23254000000,10155000000,13099000000,15494000000,null,null,6959000000,null,null,null,null,1907000000
NVDA,0001045810,10-Q,2020,Q1,2020-05-21,0001045810-20-000065,2019-01-27,,null,null,null,null,null,null,null,null,null,null,9342000000,null,null,null,null,null,null,null,null,null
NVDA,0001045810,10-Q,2020,Q1,2020-05-21,0001045810-20-000065,2019-04-28,,null,null,null,null,null,null,null,null,null,null,9704000000,null,null,null,null,null,null,null,null,null
NVDA,0001045810,10-Q,2020,Q2,2019-08-15,0001045810-19-000144,2018-07-29,2018-01-29,6330000000,2345000000,3.86,3.74,2452000000,4043000000,1124000000,467000000,null,null,null,null,2358000000,247000000,null,null,2287000000,1591000000,146000000,null
NVDA,0001045810,10-Q,2020,Q2,2019-08-15,0001045810-19-000144,2018-07-29,2018-04-30,3123000000,1101000000,1.81,1.76,1157000000,1975000000,581000000,237000000,null,null,null,null,null,null,null,null,1148000000,818000000,79000000,null
NVDA,0001045810,10-Q,2020,Q2,2019-08-15,0001045810-19-000144,2019-07-28,2019-01-28,4799000000,947000000,1.56,1.54,929000000,2837000000,1379000000,529000000,null,null,null,null,1656000000,241000000,null,null,1962000000,1908000000,48000000,null
NVDA,0001045810,10-Q,2020,Q2,2019-08-15,0001045810-19-000144,2019-07-28,2019-04-29,2579000000,552000000,0.91,0.9,571000000,1541000000,704000000,266000000,null,null,null,null,null,null,null,null,1038000000,970000000,54000000,null
NVDA,0001045810,10-Q,2020,Q2,2019-08-15,0001045810-19-000144,2019-01-27,,null,null,null,null,null,null,null,null,13292000000,3950000000,9342000000,782000000,null,null,1988000000,null,null,null,null,1424000000
NVDA,0001045810,10-Q,2020,Q2,2019-08-15,0001045810-19-000144,2019-07-28,,null,null,null,null,null,null,null,null,14775000000,4439000000,10336000000,7105000000,null,null,1989000000,null,null,null,null,1561000000
NVDA,0001045810,10-Q,2020,Q2,2019-08-15,0001045810-19-000144,2018-01-28,,null,null,null,null,null,null,null,null,null,null,7471000000,null,null,null,null,null,null,null,null,null
NVDA,0001045810,10-Q,2020,Q2,2019-08-15,0001045810-19-000144,2018-04-29,,null,null,null,null,null,null,null,null,null,null,7717000000,null,null,null,null,null,null,null,null,null
NVDA,0001045810,10-Q,2020,Q2,2019-08-15,0001045810-19-000144,2018-07-29,,null,null,null,null,null,null,null,null,null,null,8795000000,null,null,null,null,null,null,null,null,null
NVDA,0001045810,10-Q,2020,Q2,2019-08-15,0001045810-19-000144,2019-04-28,,null,null,null,null,null,null,null,null,null,null,9704000000,null,null,null,null,null,null,null,null,null
NVDA,0001045810,10-Q,2020,Q2,2020-08-19,0001045810-20-000147,2019-07-28,2019-01-28,4799000000,947000000,1.56,1.54,929000000,2837000000,1379000000,529000000,null,null,null,null,1656000000,241000000,null,null,1962000000,1908000000,48000000,null
NVDA,0001045810,10-Q,2020,Q2,2020-08-19,0001045810-20-000147,2019-07-28,2019-04-29,2579000000,552000000,0.91,0.9,571000000,1541000000,704000000,266000000,null,null,null,null,null,null,null,null,1038000000,970000000,54000000,null
NVDA,0001045810,10-Q,2020,Q2,2020-08-19,0001045810-20-000147,2020-07-26,2020-01-27,6946000000,1539000000,2.5,2.47,1627000000,4279000000,1732000000,920000000,null,null,null,null,2476000000,372000000,null,null,2667000000,2652000000,52000000,null
NVDA,0001045810,10-Q,2020,Q2,2020-08-19,0001045810-20-000147,2020-07-26,2020-04-27,3866000000,622000000,1.01,0.99,651000000,2275000000,997000000,627000000,null,null,null,null,null,null,null,null,1591000000,1624000000,-13000000,null
NVDA,0001045810,10-Q,2020,Q2,2020-08-19,0001045810-20-000147,2020-01-26,,null,null,null,null,null,null,null,null,17315000000,5111000000,12204000000,10896000000,null,null,1991000000,null,null,null,null,1657000000
NVDA,0001045810,10-Q,2020,Q2,2020-08-19,0001045810-20-000147,2020-07-26,,null,null,null,null,null,null,null,null,25180000000,11266000000,13914000000,3274000000,null,null,6960000000,null,null,null,null,2084000000
NVDA,0001045810,10-Q,2020,Q2,2020-08-19,0001045810-20-000147,2019-01-27,,null,null,null,null,null,null,null,null,null,null,9342000000,null,null,null,null,null,null,null,null,null
NVDA,0001045810,10-Q,2020,Q2,2020-08-19,0001045810-20-000147,2019-04-28,,null,null,null,null,null,null,null,null,null,null,9704000000,null,null,null,null,null,null,null,null,null
NVDA,0001045810,10-Q,2020,Q2,2020-08-19,0001045810-20-000147,2019-07-28,,null,null,null,null,null,null,null,null,null,null,10336000000,null,null,null,null,null,null,null,null,null
NVDA,0001045810,10-Q,2020,Q2,2020-08-19,0001045810-20-000147,2020-04-26,,null,null,null,null,null,null,null,null,null,null,13099000000,null,null,null,null,null,null,null,null,null
NVDA,0001045810,10-Q,2020,Q3,2019-11-14,0001045810-19-000170,2018-10-28,2018-01-29,9511000000,3575000000,5.88,5.71,3510000000,5964000000,1729000000,725000000,null,null,null,null,2845000000,397000000,null,null,3547000000,2454000000,-3000000,null
NVDA,0001045810,10-Q,2020,Q3,2019-11-14,0001045810-19-000170,2018-10-28,2018-07-30,3181000000,1230000000,2.02,1.97,1058000000,1921000000,605000000,258000000,null,null,null,null,null,null,null,null,1260000000,863000000,-149000000,null
NVDA,0001045810,10-Q,2020,Q3,2019-11-14,0001045810-19-000170,2019-10-27,2019-01-28,7813000000,1845000000,3.03,2.99,1856000000,4753000000,2091000000,806000000,null,null,null,null,3296000000,344000000,null,null,3060000000,2897000000,109000000,null
NVDA,0001045810,10-Q,2020,Q3,2019-11-14,0001045810-19-000170,2019-10-27,2019-07-29,3014000000,899000000,1.47,1.45,927000000,1916000000,712000000,277000000,null,null,null,null,null,null,null,null,1098000000,989000000,60000000,null
NVDA,0001045810,10-Q,2020,Q3,2019-11-14,0001045810-19-000170,2019-01-27,,null,null,null,null,null,null,null,null,13292000000,3950000000,9342000000,782000000,null,null,1988000000,null,null,null,null,1424000000
NVDA,0001045810,10-Q,2020,Q3,2019-11-14,0001045810-19-000170,2019-10-27,,null,null,null,null,null,null,null,null,15810000000,4596000000,11214000000,9765000000,null,null,1990000000,null,null,null,null,1455000000
NVDA,0001045810,10-Q,2020,Q3,2019-11-14,0001045810-19-000170,2018-01-28,,null,null,null,null,null,null,null,null,null,null,7471000000,null,null,null,null,null,null,null,null,null
NVDA,0001045810,10-Q,2020,Q3,2019-11-14,0001045810-19-000170,2018-07-29,,null,null,null,null,null,null,null,null,null,null,8795000000,null,null,null,null,null,null,null,null,null
NVDA,0001045810,10-Q,2020,Q3,2019-11-14,0001045810-19-000170,2018-10-28,,null,null,null,null,null,null,null,null,null,null,9475000000,null,null,null,null,null,null,null,null,null
NVDA,0001045810,10-Q,2020,Q3,2019-11-14,0001045810-19-000170,2019-07-28,,null,null,null,null,null,null,null,null,null,null,10336000000,null,null,null,null,null,null,null,null,null
NVDA,0001045810,10-Q,2021,Q3,2020-11-18,0001045810-20-000189,2019-10-27,2019-01-28,7813000000,1845000000,3.03,2.99,1856000000,4753000000,2091000000,806000000,null,null,null,null,3296000000,null,null,null,3060000000,2897000000,109000000,null
NVDA,0001045810,10-Q,2021,Q3,2020-11-18,0001045810-20-000189,2019-10-27,2019-07-29,3014000000,899000000,1.47,1.45,927000000,1916000000,712000000,277000000,null,null,null,null,null,null,null,null,1098000000,989000000,60000000,null
NVDA,0001045810,10-Q,2021,Q3,2020-11-18,0001045810-20-000189,2020-10-25,2020-01-27,11672000000,2875000000,4.67,4.59,3025000000,7240000000,2778000000,1437000000,null,null,null,null,3755000000,null,null,null,4432000000,4215000000,64000000,null
NVDA,0001045810,10-Q,2021,Q3,2020-11-18,0001045810-20-000189,2020-10-25,2020-07-27,4726000000,1336000000,2.16,2.12,1398000000,2960000000,1047000000,515000000,null,null,null,null,null,null,null,null,1766000000,1562000000,12000000,null
NVDA,0001045810,10-Q,2021,Q3,2020-11-18,0001045810-20-000189,2020-01-26,,null,null,null,null,null,null,null,null,17315000000,5111000000,12204000000,10896000000,null,null,1991000000,null,null,null,null,1657000000
NVDA,0001045810,10-Q,2021,Q3,2020-11-18,0001045810-20-000189,2020-10-25,,null,null,null,null,null,null,null,null,26881000000,11547000000,15334000000,2251000000,null,null,6961000000,null,null,null,null,2546000000
NVDA,0001045810,10-Q,2021,Q3,2020-11-18,0001045810-20-000189,2019-01-27,,null,null,null,null,null,null,null,null,null,null,9342000000,null,null,null,null,null,null,null,null,null
NVDA,0001045810,10-Q,2021,Q3,2020-11-18,0001045810-20-000189,2019-07-28,,null,null,null,null,null,null,null,null,null,null,10336000000,null,null,null,null,null,null,null,null,null
NVDA,0001045810,10-Q,2021,Q3,2020-11-18,0001045810-20-000189,2019-10-27,,null,null,null,null,null,null,null,null,null,null,11214000000,null,null,null,null,null,null,null,null,null
NVDA,0001045810,10-Q,2021,Q3,2020-11-18,0001045810-20-000189,2020-07-26,,null,null,null,null,null,null,null,null,null,null,13914000000,null,null,null,null,null,null,null,null,null
NVDA,0001045810,10-Q,2022,Q1,2021-05-26,0001045810-21-000064,2020-04-26,2020-01-27,3080000000,917000000,1.49,1.47,976000000,2004000000,735000000,293000000,null,null,null,null,909000000,null,null,null,1076000000,1028000000,64000000,null
NVDA,0001045810,10-Q,2022,Q1,2021-05-26,0001045810-21-000064,2021-05-02,2021-02-01,5661000000,1912000000,3.08,3.03,1956000000,3629000000,1153000000,520000000,null,null,null,null,1874000000,null,null,null,2032000000,1673000000,132000000,null
NVDA,0001045810,10-Q,2022,Q1,2021-05-26,0001045810-21-000064,2021-01-31,,null,null,null,null,null,null,null,null,28791000000,11898000000,16893000000,847000000,null,null,6963000000,null,null,null,null,2429000000
NVDA,0001045810,10-Q,2022,Q1,2021-05-26,0001045810-21-000064,2021-05-02,,null,null,null,null,null,null,null,null,30796000000,12022000000,18774000000,978000000,null,null,6963000000,null,null,null,null,3024000000
NVDA,0001045810,10-Q,2022,Q1,2021-05-26,0001045810-21-000064,2020-01-26,,null,null,null,null,null,null,null,null,null,null,12204000000,null,null,null,null,null,null,null,null,null
NVDA,0001045810,10-Q,2022,Q1,2021-05-26,0001045810-21-000064,2020-04-26,,null,null,null,null,null,null,null,null,null,null,13099000000,null,null,null,null,null,null,null,null,null
NVDA,0001045810,10-Q,2022,Q2,2021-08-20,0001045810-21-000131,2020-07-26,2020-01-27,6946000000,1539000000,0.63,0.62,1627000000,4279000000,1732000000,920000000,null,null,null,null,2476000000,null,null,null,2667000000,2652000000,52000000,null
NVDA,0001045810,10-Q,2022,Q2,2021-08-20,0001045810-21-000131,2020-07-26,2020-04-27,3866000000,622000000,0.25,0.25,651000000,2275000000,997000000,627000000,null,null,null,null,null,null,null,null,1591000000,1624000000,-13000000,null
NVDA,0001045810,10-Q,2022,Q2,2021-08-20,0001045810-21-000131,2021-08-01,2021-02-01,12168000000,4285000000,1.72,1.69,4400000000,7844000000,2398000000,1046000000,null,null,null,null,4556000000,null,null,null,4324000000,3444000000,153000000,null
NVDA,0001045810,10-Q,2022,Q2,2021-08-20,0001045810-21-000131,2021-08-01,2021-05-03,6507000000,2374000000,0.95,0.94,2444000000,4215000000,1245000000,526000000,null,null,null,null,null,null,null,null,2292000000,1771000000,20000000,null
NVDA,0001045810,10-Q,2022,Q2,2021-08-20,0001045810-21-000131,2021-01-31,,null,null,null,null,null,null,null,null,28791000000,11898000000,16893000000,847000000,null,null,6963000000,null,null,null,null,2429000000
NVDA,0001045810,10-Q,2022,Q2,2021-08-20,0001045810-21-000131,2021-08-01,,null,null,null,null,null,null,null,null,38650000000,17503000000,21147000000,5628000000,null,null,11943000000,null,null,null,null,3586000000
NVDA,0001045810,10-Q,2022,Q2,2021-08-20,0001045810-21-000131,2020-01-26,,null,null,null,null,null,null,null,null,null,null,12204000000,null,null,null,null,null,null,null,null,null
NVDA,0001045810,10-Q,2022,Q2,2021-08-20,0001045810-21-000131,2020-04-26,,null,null,null,null,null,null,null,null,null,null,13099000000,null,null,null,null,null,null,null,null,null
NVDA,0001045810,10-Q,2022,Q2,2021-08-20,0001045810-21-000131,2020-07-26,,null,null,null,null,null,null,null,null,null,null,13914000000,null,null,null,null,null,null,null,null,null
NVDA,0001045810,10-Q,2022,Q2,2021-08-20,0001045810-21-000131,2021-05-02,,null,null,null,null,null,null,null,null,null,null,18774000000,null,null,null,null,null,null,null,null,null
NVDA,0001045810,10-Q,2022,Q3,2021-11-22,0001045810-21-000163,2020-10-25,2020-01-27,11672000000,2875000000,1.17,1.15,3025000000,7240000000,2778000000,1437000000,null,null,null,null,3755000000,null,null,null,4432000000,4215000000,64000000,null
NVDA,0001045810,10-Q,2022,Q3,2021-11-22,0001045810-21-000163,2020-10-25,2020-07-27,4726000000,1336000000,0.54,0.53,1398000000,2960000000,1047000000,515000000,null,null,null,null,null,null,null,null,1766000000,1562000000,12000000,null
NVDA,0001045810,10-Q,2022,Q3,2021-11-22,0001045810-21-000163,2021-10-31,2021-02-01,19271000000,6749000000,2.71,2.67,7071000000,12476000000,3802000000,1603000000,null,null,null,null,6075000000,null,null,null,6795000000,5405000000,327000000,null
NVDA,0001045810,10-Q,2022,Q3,2021-11-22,0001045810-21-000163,2021-10-31,2021-08-02,7103000000,2464000000,0.99,0.97,2671000000,4631000000,1403000000,557000000,null,null,null,null,null,null,null,null,2472000000,1960000000,174000000,null
NVDA,0001045810,10-Q,2022,Q3,2021-11-22,0001045810-21-000163,2021-01-31,,null,null,null,null,null,null,null,null,28791000000,11898000000,16893000000,847000000,null,null,6963000000,null,null,null,null,2429000000
NVDA,0001045810,10-Q,2022,Q3,2021-11-22,0001045810-21-000163,2021-10-31,,null,null,null,null,null,null,null,null,40632000000,16834000000,23798000000,1288000000,null,null,10944000000,null,null,null,null,3954000000
NVDA,0001045810,10-Q,2022,Q3,2021-11-22,0001045810-21-000163,2020-01-26,,null,null,null,null,null,null,null,null,null,null,12204000000,null,null,null,null,null,null,null,null,null
NVDA,0001045810,10-Q,2022,Q3,2021-11-22,0001045810-21-000163,2020-07-26,,null,null,null,null,null,null,null,null,null,null,13914000000,null,null,null,null,null,null,null,null,null
NVDA,0001045810,10-Q,2022,Q3,2021-11-22,0001045810-21-000163,2020-10-25,,null,null,null,null,null,null,null,null,null,null,15334000000,null,null,null,null,null,null,null,null,null
NVDA,0001045810,10-Q,2022,Q3,2021-11-22,0001045810-21-000163,2021-08-01,,null,null,null,null,null,null,null,null,null,null,21147000000,null,null,null,null,null,null,null,null,null
NVDA,0001045810,10-Q,2023,Q1,2022-05-27,0001045810-22-000079,2021-05-02,2021-02-01,5661000000,1912000000,0.77,0.76,1956000000,3629000000,1153000000,520000000,null,null,null,null,1874000000,null,null,null,2032000000,1673000000,132000000,null
NVDA,0001045810,10-Q,2023,Q1,2022-05-27,0001045810-22-000079,2022-05-01,2022-01-31,8288000000,1618000000,0.65,0.64,1868000000,5431000000,1618000000,592000000,null,null,null,null,1731000000,null,null,null,2857000000,3563000000,187000000,null
NVDA,0001045810,10-Q,2023,Q1,2022-05-27,0001045810-22-000079,2022-01-30,,null,null,null,null,null,null,null,null,44187000000,17575000000,26612000000,1990000000,null,null,10946000000,null,null,null,null,4650000000
NVDA,0001045810,10-Q,2023,Q1,2022-05-27,0001045810-22-000079,2022-05-01,,null,null,null,null,null,null,null,null,45212000000,18892000000,26320000000,3887000000,null,null,10947000000,null,null,null,null,5438000000
NVDA,0001045810,10-Q,2023,Q1,2022-05-27,0001045810-22-000079,2021-01-31,,null,null,null,null,null,null,null,null,null,null,16893000000,null,null,null,null,null,null,null,null,null
NVDA,0001045810,10-Q,2023,Q1,2022-05-27,0001045810-22-000079,2021-05-02,,null,null,null,null,null,null,null,null,null,null,18774000000,null,null,null,null,null,null,null,null,null
NVDA,0001045810,10-Q,2023,Q2,2022-08-31,0001045810-22-000147,2021-08-01,2021-02-01,12168000000,4285000000,1.72,1.69,4400000000,7844000000,2398000000,1046000000,null,null,null,null,4556000000,null,null,null,4324000000,3444000000,153000000,null
NVDA,0001045810,10-Q,2023,Q2,2022-08-31,0001045810-22-000147,2021-08-01,2021-05-03,6507000000,2374000000,0.95,0.94,2444000000,4215000000,1245000000,526000000,null,null,null,null,null,null,null,null,2292000000,1771000000,20000000,null
NVDA,0001045810,10-Q,2023,Q2,2022-08-31,0001045810-22-000147,2022-07-31,2022-01-31,14992000000,2274000000,0.91,0.9,2367000000,8346000000,3443000000,1183000000,null,null,null,null,3001000000,null,null,null,6646000000,5979000000,6000000,null
NVDA,0001045810,10-Q,2023,Q2,2022-08-31,0001045810-22-000147,2022-07-31,2022-05-02,6704000000,656000000,0.26,0.26,499000000,2915000000,1824000000,592000000,null,null,null,null,null,null,null,null,3789000000,2416000000,-181000000,null
NVDA,0001045810,10-Q,2023,Q2,2022-08-31,0001045810-22-000147,2022-01-30,,null,null,null,null,null,null,null,null,44187000000,17575000000,26612000000,1990000000,null,null,10946000000,null,null,null,null,4650000000
NVDA,0001045810,10-Q,2023,Q2,2022-08-31,0001045810-22-000147,2022-07-31,,null,null,null,null,null,null,null,null,43476000000,19625000000,23851000000,3013000000,null,null,10949000000,null,null,null,null,5317000000
NVDA,0001045810,10-Q,2023,Q2,2022-08-31,0001045810-22-000147,2021-01-31,,null,null,null,null,null,null,null,null,null,null,16893000000,null,null,null,null,null,null,null,null,null
NVDA,0001045810,10-Q,2023,Q2,2022-08-31,0001045810-22-000147,2021-05-02,,null,null,null,null,null,null,null,null,null,null,18774000000,null,null,null,null,null,null,null,null,null
NVDA,0001045810,10-Q,2023,Q2,2022-08-31,0001045810-22-000147,2021-08-01,,null,null,null,null,null,null,null,null,null,null,21147000000,null,null,null,null,null,null,null,null,null
NVDA,0001045810,10-Q,2023,Q2,2022-08-31,0001045810-22-000147,2022-05-01,,null,null,null,null,null,null,null,null,null,null,26320000000,null,null,null,null,null,null,null,null,null
NVDA,0001045810,10-Q,2023,Q3,2022-11-18,0001045810-22-000166,2021-10-31,2021-02-01,19271000000,6749000000,2.71,2.67,7071000000,12476000000,3802000000,1603000000,null,null,null,null,6075000000,null,null,null,6795000000,5405000000,327000000,null
NVDA,0001045810,10-Q,2023,Q3,2022-11-18,0001045810-22-000166,2021-10-31,2021-08-02,7103000000,2464000000,0.99,0.97,2671000000,4631000000,1403000000,557000000,null,null,null,null,null,null,null,null,2472000000,1960000000,174000000,null
NVDA,0001045810,10-Q,2023,Q3,2022-11-18,0001045810-22-000166,2022-10-30,2022-01-31,20923000000,2954000000,1.18,1.17,2968000000,11523000000,5387000000,1815000000,null,null,null,null,3393000000,null,null,null,9400000000,8555000000,-61000000,null
NVDA,0001045810,10-Q,2023,Q3,2022-11-18,0001045810-22-000166,2022-10-30,2022-08-01,5931000000,680000000,0.27,0.27,601000000,3177000000,1945000000,631000000,null,null,null,null,null,null,null,null,2754000000,2576000000,-67000000,null
NVDA,0001045810,10-Q,2023,Q3,2022-11-18,0001045810-22-000166,2022-01-30,,null,null,null,null,null,null,null,null,44187000000,17575000000,26612000000,1990000000,null,null,10946000000,null,null,null,null,4650000000
NVDA,0001045810,10-Q,2023,Q3,2022-11-18,0001045810-22-000166,2022-10-30,,null,null,null,null,null,null,null,null,40488000000,19139000000,21349000000,2800000000,null,null,10950000000,null,null,null,null,4908000000
NVDA,0001045810,10-Q,2023,Q3,2022-11-18,0001045810-22-000166,2021-01-31,,null,null,null,null,null,null,null,null,null,null,16893000000,null,null,null,null,null,null,null,null,null
NVDA,0001045810,10-Q,2023,Q3,2022-11-18,0001045810-22-000166,2021-08-01,,null,null,null,null,null,null,null,null,null,null,21147000000,null,null,null,null,null,null,null,null,null
NVDA,0001045810,10-Q,2023,Q3,2022-11-18,0001045810-22-000166,2021-10-31,,null,null,null,null,null,null,null,null,null,null,23798000000,null,null,null,null,null,null,null,null,null
NVDA,0001045810,10-Q,2023,Q3,2022-11-18,0001045810-22-000166,2022-07-31,,null,null,null,null,null,null,null,null,null,null,23851000000,null,null,null,null,null,null,null,null,null
NVDA,0001045810,10-Q,2024,Q1,2023-05-26,0001045810-23-000093,2022-05-01,2022-01-31,8288000000,1618000000,0.65,0.64,1868000000,5431000000,1618000000,592000000,null,null,null,null,1731000000,null,null,null,2857000000,3563000000,187000000,null
NVDA,0001045810,10-Q,2024,Q1,2023-05-26,0001045810-23-000093,2023-04-30,2023-01-30,7192000000,2043000000,0.83,0.82,2140000000,4648000000,1875000000,633000000,null,null,null,null,2911000000,null,null,null,2544000000,2508000000,166000000,null
NVDA,0001045810,10-Q,2024,Q1,2023-05-26,0001045810-23-000093,2023-01-29,,null,null,null,null,null,null,null,null,41182000000,19081000000,22101000000,3389000000,null,null,10953000000,null,null,null,null,3827000000
NVDA,0001045810,10-Q,2024,Q1,2023-05-26,0001045810-23-000093,2023-04-30,,null,null,null,null,null,null,null,null,44460000000,19940000000,24520000000,5079000000,null,null,10954000000,null,null,null,null,4080000000
NVDA,0001045810,10-Q,2024,Q1,2023-05-26,0001045810-23-000093,2022-01-30,,null,null,null,null,null,null,null,null,null,null,26612000000,null,null,null,null,null,null,null,null,null
NVDA,0001045810,10-Q,2024,Q1,2023-05-26,0001045810-23-000093,2022-05-01,,null,null,null,null,null,null,null,null,null,null,26320000000,null,null,null,null,null,null,null,null,null
NVDA,0001045810,10-Q,2024,Q2,2023-08-28,0001045810-23-000175,2022-07-31,2022-01-31,14992000000,2274000000,0.91,0.9,2367000000,8346000000,3443000000,1183000000,null,null,null,null,3001000000,null,null,null,6646000000,5979000000,6000000,null
NVDA,0001045810,10-Q,2024,Q2,2023-08-28,0001045810-23-000175,2022-07-31,2022-05-02,6704000000,656000000,0.26,0.26,499000000,2915000000,1824000000,592000000,null,null,null,null,null,null,null,null,3789000000,2416000000,-181000000,null
NVDA,0001045810,10-Q,2024,Q2,2023-08-28,0001045810-23-000175,2023-07-30,2023-01-30,20699000000,8232000000,3.33,3.3,8941000000,14110000000,3916000000,1253000000,null,null,null,null,9259000000,null,null,null,6589000000,5169000000,958000000,null
NVDA,0001045810,10-Q,2024,Q2,2023-08-28,0001045810-23-000175,2023-07-30,2023-05-01,13507000000,6188000000,2.5,2.48,6800000000,9462000000,2040000000,622000000,null,null,null,null,null,null,null,null,4045000000,2662000000,793000000,null
NVDA,0001045810,10-Q,2024,Q2,2023-08-28,0001045810-23-000175,2023-01-29,,null,null,null,null,null,null,null,null,41182000000,19081000000,22101000000,3389000000,null,null,10953000000,null,null,null,null,3827000000
NVDA,0001045810,10-Q,2024,Q2,2023-08-28,0001045810-23-000175,2023-07-30,,null,null,null,null,null,null,null,null,49555000000,22054000000,27501000000,5783000000,null,null,9705000000,null,null,null,null,7066000000
NVDA,0001045810,10-Q,2024,Q2,2023-08-28,0001045810-23-000175,2022-01-30,,null,null,null,null,null,null,null,null,null,null,26612000000,null,null,null,null,null,null,null,null,null
NVDA,0001045810,10-Q,2024,Q2,2023-08-28,0001045810-23-000175,2022-05-01,,null,null,null,null,null,null,null,null,null,null,26320000000,null,null,null,null,null,null,null,null,null
NVDA,0001045810,10-Q,2024,Q2,2023-08-28,0001045810-23-000175,2022-07-31,,null,null,null,null,null,null,null,null,null,null,23851000000,3013000000,null,null,null,null,null,null,null,null
NVDA,0001045810,10-Q,2024,Q2,2023-08-28,0001045810-23-000175,2023-04-30,,null,null,null,null,null,null,null,null,null,null,24520000000,null,null,null,null,null,null,null,null,null
NVDA,0001045810,10-Q,2024,Q3,2023-11-21,0001045810-23-000227,2022-10-30,2022-01-31,20923000000,2954000000,1.18,1.17,2968000000,11523000000,5387000000,1815000000,null,null,null,null,3393000000,null,null,null,9400000000,8555000000,-61000000,null
NVDA,0001045810,10-Q,2024,Q3,2023-11-21,0001045810-23-000227,2022-10-30,2022-08-01,5931000000,680000000,0.27,0.27,601000000,3177000000,1945000000,631000000,null,null,null,null,null,null,null,null,2754000000,2576000000,-67000000,null
NVDA,0001045810,10-Q,2024,Q3,2023-11-21,0001045810-23-000227,2023-10-29,2023-01-30,38819000000,17475000000,7.07,7.01,19358000000,27510000000,6210000000,1942000000,null,null,null,null,16591000000,null,null,null,11309000000,8152000000,2237000000,null
NVDA,0001045810,10-Q,2024,Q3,2023-11-21,0001045810-23-000227,2023-10-29,2023-07-31,18120000000,9243000000,3.75,3.71,10417000000,13400000000,2294000000,689000000,null,null,null,null,null,null,null,null,4720000000,2983000000,1279000000,null
NVDA,0001045810,10-Q,2024,Q3,2023-11-21,0001045810-23-000227,2023-01-29,,null,null,null,null,null,null,null,null,41182000000,19081000000,22101000000,3389000000,null,null,10953000000,null,null,null,null,3827000000
NVDA,0001045810,10-Q,2024,Q3,2023-11-21,0001045810-23-000227,2023-10-29,,null,null,null,null,null,null,null,null,54148000000,20883000000,33265000000,5519000000,null,null,9706000000,null,null,null,null,8309000000
NVDA,0001045810,10-Q,2024,Q3,2023-11-21,0001045810-23-000227,2022-01-30,,null,null,null,null,null,null,null,null,null,null,26612000000,null,null,null,null,null,null,null,null,null
NVDA,0001045810,10-Q,2024,Q3,2023-11-21,0001045810-23-000227,2022-07-31,,null,null,null,null,null,null,null,null,null,null,23851000000,null,null,null,null,null,null,null,null,null
NVDA,0001045810,10-Q,2024,Q3,2023-11-21,0001045810-23-000227,2022-10-30,,null,null,null,null,null,null,null,null,null,null,21349000000,null,null,null,null,null,null,null,null,null
NVDA,0001045810,10-Q,2024,Q3,2023-11-21,0001045810-23-000227,2023-07-30,,null,null,null,null,null,null,null,null,null,null,27501000000,null,null,null,null,null,null,null,null,null
NVDA,0001045810,10-Q,2025,Q1,2024-05-29,0001045810-24-000124,2023-04-30,2023-01-30,7192000000,2043000000,0.83,0.82,2140000000,4648000000,1875000000,633000000,null,null,null,null,2911000000,null,null,null,2544000000,2508000000,166000000,null
NVDA,0001045810,10-Q,2025,Q1,2024-05-29,0001045810-24-000124,2024-04-28,2024-01-29,26044000000,14881000000,6.04,5.98,16909000000,20406000000,2720000000,777000000,null,null,null,null,15345000000,null,null,null,5638000000,3497000000,2398000000,null
NVDA,0001045810,10-Q,2025,Q1,2024-05-29,0001045810-24-000124,2024-01-28,,null,null,null,null,null,null,null,null,65728000000,22750000000,42978000000,7280000000,null,null,9709000000,null,null,null,null,9999000000
NVDA,0001045810,10-Q,2025,Q1,2024-05-29,0001045810-24-000124,2024-04-28,,null,null,null,null,null,null,null,null,77072000000,27930000000,49142000000,7587000000,null,null,9710000000,null,null,null,null,12365000000
NVDA,0001045810,10-Q,2025,Q1,2024-05-29,0001045810-24-000124,2023-01-29,,null,null,null,null,null,null,null,null,null,null,22101000000,null,null,null,null,null,null,null,null,null
NVDA,0001045810,10-Q,2025,Q1,2024-05-29,0001045810-24-000124,2023-04-30,,null,null,null,null,null,null,null,null,null,null,24520000000,null,null,null,null,null,null,null,null,null
NVDA,0001045810,10-Q,2025,Q2,2024-08-28,0001045810-24-000264,2023-07-30,2023-01-30,20699000000,8232000000,0.33,0.33,8941000000,14110000000,3916000000,1253000000,null,null,null,null,9259000000,null,null,null,6589000000,5169000000,958000000,null
NVDA,0001045810,10-Q,2025,Q2,2024-08-28,0001045810-24-000264,2023-07-30,2023-05-01,13507000000,6188000000,0.25,0.25,6800000000,9462000000,2040000000,622000000,null,null,null,null,null,null,null,null,4045000000,2662000000,793000000,null
NVDA,0001045810,10-Q,2025,Q2,2024-08-28,0001045810-24-000264,2024-07-28,2024-01-29,56084000000,31480000000,1.28,1.27,35551000000,42979000000,5810000000,1618000000,null,null,null,null,29833000000,null,null,null,13105000000,7428000000,5013000000,null
NVDA,0001045810,10-Q,2025,Q2,2024-08-28,0001045810-24-000264,2024-07-28,2024-04-29,30040000000,16599000000,0.68,0.67,18642000000,22574000000,3090000000,842000000,null,null,null,null,null,null,null,null,7466000000,3932000000,2615000000,null
NVDA,0001045810,10-Q,2025,Q2,2024-08-28,0001045810-24-000264,2024-01-28,,null,null,null,null,null,null,null,null,65728000000,22750000000,42978000000,7280000000,null,null,9709000000,null,null,null,null,9999000000
NVDA,0001045810,10-Q,2025,Q2,2024-08-28,0001045810-24-000264,2024-07-28,,null,null,null,null,null,null,null,null,85227000000,27070000000,58157000000,8563000000,null,null,8461000000,null,null,null,null,14132000000
NVDA,0001045810,10-Q,2025,Q2,2024-08-28,0001045810-24-000264,2023-01-29,,null,null,null,null,null,null,null,null,null,null,22101000000,null,null,null,null,null,null,null,null,null
NVDA,0001045810,10-Q,2025,Q2,2024-08-28,0001045810-24-000264,2023-04-30,,null,null,null,null,null,null,null,null,null,null,24520000000,null,null,null,null,null,null,null,null,null
NVDA,0001045810,10-Q,2025,Q2,2024-08-28,0001045810-24-000264,2023-07-30,,null,null,null,null,null,null,null,null,null,null,27501000000,5783000000,null,null,null,null,null,null,null,null
NVDA,0001045810,10-Q,2025,Q2,2024-08-28,0001045810-24-000264,2024-04-28,,null,null,null,null,null,null,null,null,null,null,49142000000,null,null,null,null,null,null,null,null,null
NVDA,0001045810,10-Q,2025,Q3,2024-11-20,0001045810-24-000316,2023-10-29,2023-01-30,38819000000,17475000000,0.71,0.7,19358000000,27510000000,6210000000,1942000000,null,null,null,null,16591000000,null,null,null,11309000000,8152000000,2237000000,null
NVDA,0001045810,10-Q,2025,Q3,2024-11-20,0001045810-24-000316,2023-10-29,2023-07-31,18120000000,9243000000,0.37,0.37,10417000000,13400000000,2294000000,689000000,null,null,null,null,null,null,null,null,4720000000,2983000000,1279000000,null
NVDA,0001045810,10-Q,2025,Q3,2024-11-20,0001045810-24-000316,2024-10-27,2024-01-29,91166000000,50789000000,2.07,2.04,57419000000,69135000000,9200000000,2516000000,null,null,null,null,47460000000,null,null,null,22031000000,11716000000,8020000000,null
NVDA,0001045810,10-Q,2025,Q3,2024-11-20,0001045810-24-000316,2024-10-27,2024-07-29,35082000000,19309000000,0.79,0.78,21869000000,26156000000,3390000000,897000000,null,null,null,null,null,null,null,null,8926000000,4287000000,3007000000,null
NVDA,0001045810,10-Q,2025,Q3,2024-11-20,0001045810-24-000316,2024-01-28,,null,null,null,null,null,null,null,null,65728000000,22750000000,42978000000,7280000000,null,null,9709000000,null,null,null,null,9999000000
NVDA,0001045810,10-Q,2025,Q3,2024-11-20,0001045810-24-000316,2024-10-27,,null,null,null,null,null,null,null,null,96013000000,30114000000,65899000000,9107000000,null,null,8462000000,null,null,null,null,17693000000
NVDA,0001045810,10-Q,2025,Q3,2024-11-20,0001045810-24-000316,2023-01-29,,null,null,null,null,null,null,null,null,null,null,22101000000,null,null,null,null,null,null,null,null,null
NVDA,0001045810,10-Q,2025,Q3,2024-11-20,0001045810-24-000316,2023-07-30,,null,null,null,null,null,null,null,null,null,null,27501000000,null,null,null,null,null,null,null,null,null
NVDA,0001045810,10-Q,2025,Q3,2024-11-20,0001045810-24-000316,2023-10-29,,null,null,null,null,null,null,null,null,null,null,33265000000,null,null,null,null,null,null,null,null,null
NVDA,0001045810,10-Q,2025,Q3,2024-11-20,0001045810-24-000316,2024-07-28,,null,null,null,null,null,null,null,null,null,null,58157000000,null,null,null,null,null,null,null,null,null
NVDA,0001045810,10-Q,2026,Q1,2025-05-28,0001045810-25-000116,2024-04-28,2024-01-29,26044000000,14881000000,0.6,0.6,16909000000,20406000000,2720000000,777000000,null,null,null,null,15345000000,null,null,null,5638000000,3497000000,2398000000,null
NVDA,0001045810,10-Q,2026,Q1,2025-05-28,0001045810-25-000116,2025-04-27,2025-01-27,44062000000,18775000000,0.77,0.76,21638000000,26668000000,3989000000,1041000000,null,null,null,null,27414000000,null,null,null,17394000000,5030000000,3135000000,null
NVDA,0001045810,10-Q,2026,Q1,2025-05-28,0001045810-25-000116,2025-01-26,,null,null,null,null,null,null,null,null,111601000000,32274000000,79327000000,8589000000,null,null,8463000000,null,null,null,null,23065000000
NVDA,0001045810,10-Q,2026,Q1,2025-05-28,0001045810-25-000116,2025-04-27,,null,null,null,null,null,null,null,null,125254000000,41411000000,83843000000,15234000000,null,null,8464000000,null,null,null,null,22132000000
NVDA,0001045810,10-Q,2026,Q1,2025-05-28,0001045810-25-000116,2024-01-28,,null,null,null,null,null,null,null,null,null,null,42978000000,null,null,null,null,null,null,null,null,null
NVDA,0001045810,10-Q,2026,Q1,2025-05-28,0001045810-25-000116,2024-04-28,,null,null,null,null,null,null,null,null,null,null,49142000000,null,null,null,null,null,null,null,null,null
NVDA,0001045810,10-Q,2026,Q2,2025-08-27,0001045810-25-000209,2024-07-28,2024-01-29,56084000000,31480000000,1.28,1.27,35551000000,42979000000,5810000000,1618000000,null,null,null,null,29833000000,null,null,null,13105000000,7428000000,5013000000,null
NVDA,0001045810,10-Q,2026,Q2,2025-08-27,0001045810-25-000209,2024-07-28,2024-04-29,30040000000,16599000000,0.68,0.67,18642000000,22574000000,3090000000,842000000,null,null,null,null,null,null,null,null,7466000000,3932000000,2615000000,null
NVDA,0001045810,10-Q,2026,Q2,2025-08-27,0001045810-25-000209,2025-07-27,2025-01-27,90805000000,45197000000,1.85,1.84,50078000000,60521000000,8280000000,2163000000,null,null,null,null,42779000000,null,null,null,30284000000,10443000000,7920000000,null
NVDA,0001045810,10-Q,2026,Q2,2025-08-27,0001045810-25-000209,2025-07-27,2025-04-28,46743000000,26422000000,1.08,1.08,28440000000,33853000000,4291000000,1122000000,null,null,null,null,null,null,null,null,12890000000,5413000000,4784000000,null
NVDA,0001045810,10-Q,2026,Q2,2025-08-27,0001045810-25-000209,2025-01-26,,null,null,null,null,null,null,null,null,111601000000,32274000000,79327000000,8589000000,null,null,8463000000,null,null,null,null,23065000000
NVDA,0001045810,10-Q,2026,Q2,2025-08-27,0001045810-25-000209,2025-07-27,,null,null,null,null,null,null,null,null,140740000000,40609000000,100131000000,11639000000,null,null,8466000000,null,null,null,null,27808000000
NVDA,0001045810,10-Q,2026,Q2,2025-08-27,0001045810-25-000209,2024-01-28,,null,null,null,null,null,null,null,null,null,null,42978000000,null,null,null,null,null,null,null,null,null
NVDA,0001045810,10-Q,2026,Q2,2025-08-27,0001045810-25-000209,2024-04-28,,null,null,null,null,null,null,null,null,null,null,49142000000,null,null,null,null,null,null,null,null,null
NVDA,0001045810,10-Q,2026,Q2,2025-08-27,0001045810-25-000209,2024-07-28,,null,null,null,null,null,null,null,null,null,null,58157000000,null,null,null,null,null,null,null,null,null
NVDA,0001045810,10-Q,2026,Q2,2025-08-27,0001045810-25-000209,2025-04-27,,null,null,null,null,null,null,null,null,null,null,83843000000,null,null,null,null,null,null,null,null,null
